,SP500,US_10Y,Oil,Bitcoin
2015-05-07,2088.0,2.18,58.99,237.99
2015-05-08,2116.1,2.16,59.41,244.54
2015-05-11,2105.33,2.28,59.23,242.86
2015-05-12,2099.12,2.28,60.72,242.03
2015-05-13,2098.48,2.27,60.5,236.32
2015-05-14,2121.1,2.23,59.89,237.46
2015-05-15,2122.73,2.14,59.73,237.82
2015-05-18,2129.2,2.23,59.44,234.04
2015-05-19,2127.83,2.27,57.3,232.59
2015-05-20,2125.85,2.26,58.96,234.54
2015-05-21,2130.82,2.19,60.18,235.77
2015-05-22,2126.06,2.21,58.88,240.45
2015-05-25,,,,237.43
2015-05-26,2104.2,2.14,57.29,236.79
2015-05-27,2123.48,2.14,57.51,237.35
2015-05-28,2120.79,2.13,57.69,237.34
2015-05-29,2107.39,2.12,60.25,236.89
2015-06-01,2111.73,2.19,60.24,223.56
2015-06-02,2109.6,2.27,61.3,225.85
2015-06-03,2114.07,2.38,59.67,225.86
2015-06-04,2095.84,2.31,58.0,224.57
2015-06-05,2092.83,2.41,59.11,224.97
2015-06-08,2079.28,2.39,58.15,229.1
2015-06-09,2080.15,2.42,60.15,229.18
2015-06-10,2105.2,2.5,61.36,228.73
2015-06-11,2108.86,2.39,60.74,229.69
2015-06-12,2094.11,2.39,59.96,229.47
2015-06-15,2084.43,2.36,59.53,236.99
2015-06-16,2096.29,2.32,60.01,251.91
2015-06-17,2100.44,2.32,59.89,250.25
2015-06-18,2121.24,2.35,60.41,249.27
2015-06-19,2109.99,2.26,59.62,246.33
2015-06-22,2122.85,2.37,60.01,247.5
2015-06-23,2124.2,2.42,61.05,244.52
2015-06-24,2108.58,2.38,60.01,240.04
2015-06-25,2102.31,2.4,59.59,242.44
2015-06-26,2101.49,2.49,59.41,243.0
2015-06-29,2057.64,2.33,58.34,257.54
2015-06-30,2063.11,2.35,59.48,263.82
2015-07-01,2077.42,2.43,56.94,259.02
2015-07-02,2076.78,2.4,56.93,254.85
2015-07-03,,,,256.95
2015-07-06,2068.76,2.3,52.48,269.94
2015-07-07,2081.34,2.27,52.33,266.18
2015-07-08,2046.68,2.22,51.61,270.97
2015-07-09,2051.31,2.32,52.76,269.75
2015-07-10,2076.62,2.42,52.74,286.67
2015-07-13,2099.6,2.44,52.19,293.08
2015-07-14,2108.95,2.41,53.05,287.51
2015-07-15,2107.4,2.36,51.4,285.7
2015-07-16,2124.29,2.36,50.9,279.38
2015-07-17,2126.64,2.34,50.88,280.58
2015-07-20,2128.28,2.38,50.11,280.0
2015-07-21,2119.21,2.35,50.59,277.32
2015-07-22,2114.15,2.33,49.27,277.89
2015-07-23,2102.15,2.28,48.11,277.39
2015-07-24,2079.65,2.27,47.98,289.12
2015-07-27,2067.64,2.23,47.17,294.21
2015-07-28,2093.25,2.26,47.97,295.76
2015-07-29,2108.57,2.29,48.77,290.19
2015-07-30,2108.63,2.28,48.53,288.49
2015-07-31,2103.84,2.2,47.11,285.19
2015-08-03,2098.04,2.16,45.25,280.95
2015-08-04,2093.32,2.23,45.75,285.51
2015-08-05,2099.84,2.28,45.13,282.77
2015-08-06,2083.56,2.23,44.69,279.65
2015-08-07,2077.57,2.18,43.87,279.94
2015-08-10,2104.18,2.24,44.94,265.15
2015-08-11,2084.07,2.15,43.11,271.99
2015-08-12,2086.05,2.14,43.22,266.94
2015-08-13,2083.39,2.19,42.27,264.67
2015-08-14,2091.54,2.2,42.45,266.17
2015-08-17,2102.44,2.16,41.93,257.31
2015-08-18,2096.92,2.2,42.58,221.99
2015-08-19,2079.61,2.12,40.75,227.34
2015-08-20,2035.73,2.09,41.0,235.56
2015-08-21,1970.89,2.05,40.45,232.85
2015-08-24,1893.21,2.01,38.22,211.16
2015-08-25,1867.61,2.12,39.15,223.73
2015-08-26,1940.51,2.18,38.5,226.81
2015-08-27,1987.66,2.18,42.47,225.8
2015-08-28,1988.87,2.19,45.29,231.55
2015-08-31,1972.18,2.21,49.2,230.75
2015-09-01,1913.85,2.17,45.38,228.22
2015-09-02,1948.86,2.2,46.3,229.97
2015-09-03,1951.13,2.18,46.75,227.25
2015-09-04,1921.22,2.13,46.02,231.39
2015-09-07,,,,241.31
2015-09-08,1969.41,2.2,45.92,244.14
2015-09-09,1942.04,2.21,44.13,238.75
2015-09-10,1952.29,2.23,45.85,238.52
2015-09-11,1961.05,2.2,44.75,240.9
2015-09-14,1953.03,2.18,44.07,231.01
2015-09-15,1978.09,2.28,44.58,230.6
2015-09-16,1995.31,2.3,47.12,229.73
2015-09-17,1990.2,2.21,46.93,233.34
2015-09-18,1958.03,2.13,44.71,233.78
2015-09-21,1966.97,2.2,46.67,227.31
2015-09-22,1942.74,2.14,46.17,231.28
2015-09-23,1938.76,2.16,44.53,230.26
2015-09-24,1932.24,2.13,44.94,235.27
2015-09-25,1931.34,2.17,45.55,235.89
2015-09-28,1881.77,2.1,44.4,239.99
2015-09-29,1884.09,2.05,45.24,236.89
2015-09-30,1920.03,2.06,45.06,237.14
2015-10-01,1923.82,2.05,44.75,238.34
2015-10-02,1951.36,1.99,45.54,238.28
2015-10-05,1987.05,2.07,46.28,240.95
2015-10-06,1979.92,2.05,48.53,246.64
2015-10-07,1995.83,2.08,47.86,244.0
2015-10-08,2013.43,2.12,49.46,242.94
2015-10-09,2014.89,2.12,49.67,244.35
2015-10-12,2017.46,,47.09,246.39
2015-10-13,2003.69,2.06,46.7,250.99
2015-10-14,1994.24,1.99,46.63,253.27
2015-10-15,2023.86,2.04,46.38,254.99
2015-10-16,2033.11,2.04,47.3,263.43
2015-10-19,2033.66,2.04,45.91,265.17
2015-10-20,2030.77,2.08,45.84,271.14
2015-10-21,2018.94,2.04,45.22,268.77
2015-10-22,2052.51,2.04,44.9,275.84
2015-10-23,2075.15,2.09,43.91,278.76
2015-10-26,2071.18,2.07,43.19,287.1
2015-10-27,2065.89,2.05,43.21,295.61
2015-10-28,2090.35,2.1,45.93,304.09
2015-10-29,2089.41,2.19,46.02,316.08
2015-10-30,2079.36,2.16,46.6,329.11
2015-11-02,2104.05,2.2,46.12,365.21
2015-11-03,2109.79,2.23,47.88,404.1
2015-11-04,2102.31,2.25,46.32,410.0
2015-11-05,2099.93,2.26,45.27,387.21
2015-11-06,2099.2,2.34,44.32,374.09
2015-11-09,2078.58,2.36,43.87,379.53
2015-11-10,2081.72,2.32,44.23,337.14
2015-11-11,2075.0,,42.95,313.2
2015-11-12,2045.97,2.32,41.74,336.49
2015-11-13,2023.04,2.28,40.69,338.07
2015-11-16,2053.19,2.27,41.68,332.89
2015-11-17,2050.44,2.25,40.73,336.49
2015-11-18,2083.58,2.27,40.75,335.49
2015-11-19,2081.24,2.24,40.55,326.41
2015-11-20,2089.17,2.26,39.39,322.39
2015-11-23,2086.59,2.25,39.27,323.0
2015-11-24,2089.14,2.24,40.89,321.0
2015-11-25,2088.87,2.23,41.22,328.98
2015-11-26,,,,352.57
2015-11-27,2090.11,2.22,40.57,358.19
2015-11-30,2080.41,2.21,40.43,376.86
2015-12-01,2102.63,2.15,40.58,362.68
2015-12-02,2079.51,2.18,39.93,360.0
2015-12-03,2049.62,2.33,41.08,361.77
2015-12-04,2091.69,2.28,40.0,363.98
2015-12-07,2077.07,2.23,37.64,394.73
2015-12-08,2063.59,2.24,37.46,418.94
2015-12-09,2047.62,2.22,37.16,418.39
2015-12-10,2052.23,2.24,36.76,415.68
2015-12-11,2012.37,2.13,35.65,452.95
2015-12-14,2021.94,2.23,36.31,444.01
2015-12-15,2043.41,2.28,37.32,464.27
2015-12-16,2073.07,2.3,35.55,453.97
2015-12-17,2041.89,2.24,34.98,455.5
2015-12-18,2005.55,2.19,34.72,463.17
2015-12-21,2021.15,2.2,34.55,436.81
2015-12-22,2038.97,2.24,36.12,433.92
2015-12-23,2064.29,2.27,36.76,442.43
2015-12-24,2060.99,2.25,37.62,455.74
2015-12-25,,,,455.84
2015-12-28,2056.5,2.24,36.36,421.94
2015-12-29,2078.36,2.32,37.88,433.89
2015-12-30,2063.36,2.31,36.59,427.95
2015-12-31,2043.94,2.27,37.13,430.35
2016-01-01,,,,435.66
2016-01-04,2012.66,2.24,36.81,433.85
2016-01-05,2016.71,2.25,35.97,433.34
2016-01-06,1990.26,2.18,33.97,430.87
2016-01-07,1943.09,2.16,33.29,459.07
2016-01-08,1922.03,2.13,33.2,454.44
2016-01-11,1923.67,2.17,31.42,449.19
2016-01-12,1938.68,2.12,30.42,434.01
2016-01-13,1890.28,2.08,30.42,432.77
2016-01-14,1921.84,2.1,31.22,430.03
2016-01-15,1880.33,2.03,29.45,357.53
2016-01-18,,,,384.89
2016-01-19,1881.33,2.06,28.47,375.27
2016-01-20,1859.33,2.01,26.68,418.54
2016-01-21,1868.99,2.02,29.55,409.38
2016-01-22,1906.9,2.07,32.07,382.9
2016-01-25,1877.08,2.03,30.31,391.4
2016-01-26,1903.63,2.01,29.54,391.54
2016-01-27,1882.95,2.02,32.32,394.79
2016-01-28,1893.36,2.0,33.21,379.61
2016-01-29,1940.24,1.94,33.66,378.68
2016-02-01,1939.38,1.97,31.62,371.33
2016-02-02,1903.03,1.87,29.9,372.93
2016-02-03,1912.53,1.88,32.29,368.87
2016-02-04,1915.45,1.87,31.63,387.99
2016-02-05,1880.05,1.86,30.86,384.5
2016-02-08,1853.44,1.75,29.71,371.14
2016-02-09,1852.21,1.74,27.96,372.68
2016-02-10,1851.86,1.71,27.54,378.44
2016-02-11,1829.08,1.63,26.19,378.23
2016-02-12,1864.78,1.74,29.32,382.05
2016-02-15,,,,398.95
2016-02-16,1895.58,1.78,29.05,407.42
2016-02-17,1926.82,1.81,30.68,415.2
2016-02-18,1917.83,1.75,30.77,421.19
2016-02-19,1917.78,1.76,29.59,420.72
2016-02-22,1945.5,1.77,31.37,437.55
2016-02-23,1921.27,1.74,31.84,419.97
2016-02-24,1929.8,1.75,30.35,423.94
2016-02-25,1951.7,1.71,31.4,423.54
2016-02-26,1948.05,1.76,31.65,430.85
2016-02-29,1932.23,1.74,32.74,436.44
2016-03-01,1978.35,1.83,34.39,433.08
2016-03-02,1986.45,1.84,34.57,420.39
2016-03-03,1993.4,1.83,34.56,418.8
2016-03-04,1999.99,1.88,35.91,407.35
2016-03-07,2001.76,1.91,37.9,412.21
2016-03-08,1979.26,1.83,36.67,411.18
2016-03-09,1989.26,1.9,37.62,412.8
2016-03-10,1989.57,1.93,37.77,415.98
2016-03-11,2022.19,1.98,38.51,419.39
2016-03-14,2019.64,1.97,37.2,415.02
2016-03-15,2015.93,1.97,36.32,415.41
2016-03-16,2027.22,1.94,38.43,416.07
2016-03-17,2040.59,1.91,40.17,418.41
2016-03-18,2049.58,1.88,39.47,409.65
2016-03-21,2051.6,1.92,39.91,412.0
2016-03-22,2049.8,1.94,41.45,416.66
2016-03-23,2036.71,1.88,38.28,417.53
2016-03-24,2035.94,1.91,38.14,412.95
2016-03-25,,,,416.41
2016-03-28,2037.05,1.89,37.99,423.0
2016-03-29,2055.01,1.81,36.91,416.39
2016-03-30,2063.95,1.83,36.91,412.79
2016-03-31,2059.74,1.78,36.94,416.03
2016-04-01,2072.78,1.79,35.36,417.68
2016-04-04,2066.13,1.78,34.3,419.47
2016-04-05,2045.17,1.73,34.52,422.36
2016-04-06,2066.66,1.76,37.74,421.46
2016-04-07,2041.91,1.7,37.3,421.99
2016-04-08,2047.6,1.72,39.74,419.48
2016-04-11,2041.99,1.73,40.46,423.94
2016-04-12,2061.72,1.79,42.12,427.8
2016-04-13,2082.42,1.77,41.7,425.58
2016-04-14,2082.78,1.8,41.45,426.32
2016-04-15,2080.73,1.76,40.4,430.93
2016-04-18,2094.34,1.78,39.74,430.97
2016-04-19,2100.8,1.79,40.88,437.06
2016-04-20,2102.4,1.85,42.72,442.96
2016-04-21,2091.48,1.88,43.18,452.25
2016-04-22,2091.58,1.89,42.76,448.41
2016-04-25,2087.79,1.91,41.67,466.17
2016-04-26,2091.7,1.94,42.52,470.59
2016-04-27,2095.15,1.87,45.29,445.31
2016-04-28,2075.81,1.84,46.03,451.68
2016-04-29,2065.3,1.83,45.98,458.82
2016-05-02,2081.43,1.88,44.75,446.42
2016-05-03,2063.37,1.81,43.65,452.21
2016-05-04,2051.12,1.79,43.77,448.68
2016-05-05,2050.63,1.76,44.33,449.98
2016-05-06,2057.14,1.79,44.58,462.31
2016-05-09,2058.69,1.77,43.45,464.16
2016-05-10,2084.39,1.77,44.68,452.78
2016-05-11,2064.46,1.73,46.21,454.37
2016-05-12,2064.11,1.75,46.64,456.48
2016-05-13,2046.61,1.71,46.22,457.98
2016-05-16,2066.66,1.75,47.72,455.66
2016-05-17,2047.21,1.76,48.29,454.19
2016-05-18,2047.63,1.87,48.12,455.56
2016-05-19,2040.04,1.85,48.16,438.38
2016-05-20,2052.32,1.85,47.67,445.65
2016-05-23,2048.04,1.84,48.12,445.67
2016-05-24,2076.06,1.86,48.04,446.99
2016-05-25,2090.54,1.87,49.1,451.49
2016-05-26,2090.1,1.83,49.0,454.97
2016-05-27,2099.06,1.85,49.36,471.27
2016-05-30,,,,532.55
2016-05-31,2096.96,1.84,49.1,531.34
2016-06-01,2099.33,1.85,49.07,534.84
2016-06-02,2105.26,1.81,49.14,537.87
2016-06-03,2099.13,1.71,48.69,571.25
2016-06-06,2109.41,1.73,49.71,586.77
2016-06-07,2112.13,1.72,50.37,579.71
2016-06-08,2119.12,1.71,51.23,583.21
2016-06-09,2115.48,1.68,50.52,577.46
2016-06-10,2096.07,1.64,49.09,580.31
2016-06-13,2079.06,1.62,48.89,706.01
2016-06-14,2075.32,1.62,48.49,684.95
2016-06-15,2071.5,1.6,47.92,698.78
2016-06-16,2077.99,1.57,46.14,769.76
2016-06-17,2071.22,1.62,48.0,752.26
2016-06-20,2083.25,1.67,49.4,703.12
2016-06-21,2088.9,1.71,48.95,667.66
2016-06-22,2085.45,1.69,49.16,604.5
2016-06-23,2113.32,1.74,49.34,631.1
2016-06-24,2037.41,1.57,46.7,669.98
2016-06-27,2000.54,1.46,45.8,657.87
2016-06-28,2036.09,1.46,47.93,648.43
2016-06-29,2070.77,1.5,49.85,639.42
2016-06-30,2098.86,1.49,48.27,673.49
2016-07-01,2102.95,1.46,49.02,678.19
2016-07-04,,,,681.98
2016-07-05,2088.55,1.37,46.73,669.87
2016-07-06,2099.73,1.38,47.37,678.79
2016-07-07,2097.9,1.4,45.22,641.97
2016-07-08,2129.9,1.37,45.37,667.33
2016-07-11,2137.16,1.43,44.73,650.97
2016-07-12,2152.14,1.53,46.82,666.56
2016-07-13,2152.43,1.48,44.87,655.34
2016-07-14,2163.75,1.53,45.64,661.65
2016-07-15,2161.74,1.6,45.93,667.48
2016-07-18,2166.89,1.59,45.23,675.5
2016-07-19,2163.78,1.56,44.64,673.98
2016-07-20,2173.02,1.59,44.96,666.92
2016-07-21,2165.17,1.57,43.96,667.28
2016-07-22,2175.03,1.57,43.41,654.67
2016-07-25,2168.48,1.58,42.4,657.79
2016-07-26,2169.18,1.57,42.16,654.06
2016-07-27,2166.58,1.52,41.9,657.35
2016-07-28,2170.06,1.52,41.13,657.4
2016-07-29,2173.6,1.46,41.54,657.0
2016-08-01,2170.84,1.51,40.05,605.2
2016-08-02,2157.03,1.55,39.5,537.47
2016-08-03,2163.79,1.55,40.8,573.36
2016-08-04,2164.25,1.51,41.92,587.5
2016-08-05,2182.87,1.59,41.83,583.0
2016-08-08,2180.89,1.59,43.06,591.48
2016-08-09,2181.74,1.55,42.78,586.45
2016-08-10,2175.49,1.5,41.75,594.94
2016-08-11,2185.79,1.57,43.51,587.91
2016-08-12,2184.05,1.51,44.47,587.74
2016-08-15,2190.15,1.55,45.72,567.79
2016-08-16,2178.15,1.57,46.57,579.02
2016-08-17,2182.22,1.56,46.81,574.45
2016-08-18,2187.02,1.53,48.2,574.09
2016-08-19,2183.87,1.58,48.48,573.67
2016-08-22,2182.64,1.55,46.8,585.2
2016-08-23,2186.9,1.55,47.54,582.39
2016-08-24,2175.44,1.56,46.29,578.47
2016-08-25,2172.47,1.58,46.97,575.58
2016-08-26,2169.04,1.62,47.64,579.29
2016-08-29,2180.38,1.57,46.97,573.21
2016-08-30,2176.12,1.57,46.32,574.95
2016-08-31,2170.95,1.58,44.68,572.89
2016-09-01,2170.86,1.57,43.17,573.02
2016-09-02,2179.98,1.6,44.39,576.21
2016-09-05,,,,605.69
2016-09-06,2186.48,1.55,44.85,612.99
2016-09-07,2186.16,1.54,45.47,615.21
2016-09-08,2181.3,1.61,47.63,627.97
2016-09-09,2127.81,1.67,45.88,622.07
2016-09-12,2159.04,1.68,46.28,606.74
2016-09-13,2127.02,1.73,44.91,608.63
2016-09-14,2125.77,1.7,43.62,608.43
2016-09-15,2147.26,1.71,43.85,605.44
2016-09-16,2139.16,1.7,43.04,607.93
2016-09-19,2139.12,1.7,43.34,608.6
2016-09-20,2139.76,1.69,43.85,605.6
2016-09-21,2163.12,1.66,45.33,597.0
2016-09-22,2177.18,1.63,46.1,596.21
2016-09-23,2164.69,1.62,44.36,602.96
2016-09-26,2146.1,1.59,45.6,607.08
2016-09-27,2159.93,1.56,44.65,605.71
2016-09-28,2171.37,1.57,47.07,605.04
2016-09-29,2151.13,1.56,47.72,605.99
2016-09-30,2168.27,1.6,47.72,608.99
2016-10-03,2161.2,1.63,48.8,612.99
2016-10-04,2150.49,1.69,48.67,610.34
2016-10-05,2159.73,1.72,49.75,613.16
2016-10-06,2160.77,1.75,50.44,611.88
2016-10-07,2153.74,1.73,49.76,617.98
2016-10-10,2163.66,,49.76,618.72
2016-10-11,2136.73,1.77,50.72,642.12
2016-10-12,2139.18,1.79,50.14,635.79
2016-10-13,2132.55,1.75,50.47,635.66
2016-10-14,2132.98,1.8,50.35,638.03
2016-10-17,2126.5,1.77,49.97,639.56
2016-10-18,2139.6,1.75,50.3,635.11
2016-10-19,2144.29,1.76,51.59,629.79
2016-10-20,2141.34,1.76,50.31,628.05
2016-10-21,2141.16,1.74,50.61,630.83
2016-10-24,2151.33,1.77,50.18,649.98
2016-10-25,2143.16,1.77,49.45,654.3
2016-10-26,2139.43,1.79,48.75,674.0
2016-10-27,2133.04,1.85,49.71,691.21
2016-10-28,2126.41,1.86,48.72,689.95
2016-10-31,2126.15,1.84,46.83,696.9
2016-11-01,2111.72,1.83,46.66,730.7
2016-11-02,2097.94,1.81,45.32,744.6
2016-11-03,2088.66,1.82,44.66,690.0
2016-11-04,2085.18,1.79,44.07,706.32
2016-11-07,2131.52,1.83,44.88,706.42
2016-11-08,2139.56,1.88,44.96,711.15
2016-11-09,2163.26,2.07,45.2,720.97
2016-11-10,2167.48,2.15,44.62,712.91
2016-11-11,2164.45,,43.39,716.9
2016-11-14,2164.2,2.23,43.29,708.32
2016-11-15,2180.39,2.23,45.86,712.29
2016-11-16,2176.94,2.22,45.56,739.85
2016-11-17,2187.12,2.29,45.37,730.71
2016-11-18,2181.9,2.34,45.69,748.54
2016-11-21,2198.18,2.33,47.48,736.4
2016-11-22,2202.94,2.31,48.07,746.66
2016-11-23,2204.72,2.36,46.72,741.52
2016-11-24,,,,737.99
2016-11-25,2213.35,2.36,46.72,739.74
2016-11-28,2201.72,2.32,45.66,729.77
2016-11-29,2204.66,2.3,45.29,732.37
2016-11-30,2198.81,2.37,49.41,742.69
2016-12-01,2191.08,2.45,51.08,754.0
2016-12-02,2191.95,2.4,51.7,769.25
2016-12-05,2204.71,2.39,51.72,752.0
2016-12-06,2212.23,2.39,50.95,759.8
2016-12-07,2241.35,2.34,49.85,764.34
2016-12-08,2246.19,2.4,50.84,767.89
2016-12-09,2259.53,2.47,51.51,773.22
2016-12-12,2256.96,2.49,52.74,778.94
2016-12-13,2271.72,2.48,52.99,776.18
2016-12-14,2253.28,2.54,51.01,777.66
2016-12-15,2262.03,2.6,50.9,776.16
2016-12-16,2258.07,2.6,51.93,780.98
2016-12-19,2262.53,2.54,52.13,790.81
2016-12-20,2270.76,2.57,52.22,798.99
2016-12-21,2265.18,2.55,51.44,834.5
2016-12-22,2260.96,2.55,51.98,856.02
2016-12-23,2263.79,2.55,52.01,917.26
2016-12-26,,,,902.09
2016-12-27,2268.88,2.57,52.82,925.2
2016-12-28,2249.92,2.51,54.01,982.17
2016-12-29,2249.26,2.49,53.8,970.72
2016-12-30,2238.83,2.45,53.75,960.81
2017-01-02,,,,1011.45
2017-01-03,2257.83,2.45,52.36,1020.67
2017-01-04,2270.75,2.46,53.26,1130.3
2017-01-05,2269.0,2.37,53.77,1007.0
2017-01-06,2276.98,2.42,53.98,895.71
2017-01-09,2268.9,2.38,51.95,902.66
2017-01-10,2268.9,2.38,50.82,907.0
2017-01-11,2275.32,2.38,52.19,795.77
2017-01-12,2270.44,2.36,53.01,812.25
2017-01-13,2274.64,2.4,52.36,831.42
2017-01-16,,,,834.41
2017-01-17,2267.89,2.33,52.45,906.0
2017-01-18,2271.89,2.42,51.12,887.99
2017-01-19,2263.69,2.47,51.39,902.92
2017-01-20,2271.31,2.48,52.33,894.31
2017-01-23,2265.2,2.41,52.77,910.7
2017-01-24,2280.07,2.47,52.38,887.0
2017-01-25,2298.37,2.53,52.14,896.0
2017-01-26,2296.68,2.51,53.24,917.02
2017-01-27,2294.69,2.49,53.18,922.63
2017-01-30,2280.9,2.49,52.63,923.23
2017-01-31,2278.87,2.45,52.75,970.01
2017-02-01,2279.55,2.48,53.9,992.75
2017-02-02,2280.85,2.48,53.55,1008.38
2017-02-03,2297.42,2.49,53.81,1018.0
2017-02-06,2292.56,2.42,53.01,1022.58
2017-02-07,2293.08,2.4,52.19,1053.96
2017-02-08,2294.67,2.34,52.37,1056.7
2017-02-09,2307.87,2.4,52.99,994.24
2017-02-10,2316.1,2.41,53.84,1001.99
2017-02-13,2328.25,2.43,52.96,1002.82
2017-02-14,2337.58,2.47,53.21,1013.92
2017-02-15,2349.25,2.51,53.11,1014.53
2017-02-16,2347.22,2.45,53.41,1038.94
2017-02-17,2351.16,2.42,53.41,1057.3
2017-02-20,,,,1089.82
2017-02-21,2365.38,2.43,54.02,1128.29
2017-02-22,2362.82,2.42,53.61,1128.71
2017-02-23,2363.81,2.38,54.48,1186.9
2017-02-24,2367.34,2.31,53.99,1186.91
2017-02-27,2369.75,2.36,54.04,1195.81
2017-02-28,2363.64,2.36,54.0,1195.08
2017-03-01,2395.96,2.46,53.82,1230.0
2017-03-02,2381.92,2.49,52.63,1269.17
2017-03-03,2383.12,2.49,53.33,1292.86
2017-03-06,2375.31,2.49,53.19,1284.99
2017-03-07,2368.39,2.52,52.68,1237.36
2017-03-08,2362.98,2.57,49.83,1150.22
2017-03-09,2364.87,2.6,48.75,1197.3
2017-03-10,2372.6,2.58,48.05,1109.01
2017-03-13,2373.47,2.62,47.95,1245.49
2017-03-14,2365.45,2.6,47.24,1247.42
2017-03-15,2385.26,2.51,48.34,1263.0
2017-03-16,2381.38,2.53,48.3,1175.11
2017-03-17,2378.25,2.5,48.34,1069.57
2017-03-20,2373.47,2.47,47.79,1044.96
2017-03-21,2344.02,2.43,47.02,1114.42
2017-03-22,2348.45,2.4,47.29,1034.57
2017-03-23,2345.96,2.41,47.0,1025.14
2017-03-24,2343.98,2.4,47.3,934.87
2017-03-27,2341.59,2.38,47.02,1042.08
2017-03-28,2358.57,2.42,48.36,1045.4
2017-03-29,2361.13,2.39,49.47,1043.27
2017-03-30,2368.06,2.42,50.3,1042.34
2017-03-31,2362.72,2.4,50.54,1088.99
2017-04-03,2358.84,2.35,50.25,1152.6
2017-04-04,2360.16,2.36,50.99,1143.99
2017-04-05,2352.95,2.34,51.14,1132.99
2017-04-06,2357.49,2.34,51.69,1192.3
2017-04-07,2355.54,2.38,52.25,1194.0
2017-04-10,2357.16,2.37,53.06,1210.0
2017-04-11,2353.78,2.32,53.38,1223.99
2017-04-12,2344.93,2.28,53.12,1214.17
2017-04-13,2328.95,2.24,53.19,1177.05
2017-04-14,,,,1173.74
2017-04-17,2349.01,2.26,52.62,1189.91
2017-04-18,2342.19,2.18,52.46,1201.94
2017-04-19,2338.17,2.21,50.49,1214.21
2017-04-20,2355.84,2.24,50.26,1236.15
2017-04-21,2348.69,2.24,49.64,1249.99
2017-04-24,2374.15,2.28,48.9,1257.29
2017-04-25,2388.61,2.35,49.22,1281.16
2017-04-26,2387.45,2.32,49.22,1298.44
2017-04-27,2388.77,2.3,48.96,1349.26
2017-04-28,2384.2,2.29,49.31,1353.34
2017-05-01,2388.33,2.33,48.83,1436.5
2017-05-02,2391.17,2.29,47.65,1471.99
2017-05-03,2388.13,2.33,47.79,1533.0
2017-05-04,2389.52,2.36,45.55,1563.39
2017-05-05,2399.29,2.36,46.23,1551.3
2017-05-08,2399.38,2.39,46.46,1713.0
2017-05-09,2396.92,2.42,45.84,1720.43
2017-05-10,2399.63,2.41,47.28,1794.99
2017-05-11,2394.44,2.39,47.81,1837.93
2017-05-12,2390.9,2.33,47.83,1695.61
2017-05-15,2402.32,2.34,48.86,1747.81
2017-05-16,2400.67,2.33,48.64,1777.48
2017-05-17,2357.03,2.22,49.04,1813.23
2017-05-18,2365.72,2.23,49.36,1899.16
2017-05-19,2381.73,2.23,50.32,1976.23
2017-05-22,2394.02,2.25,50.81,2123.29
2017-05-23,2398.42,2.29,51.12,2272.75
2017-05-24,2404.39,2.26,50.99,2432.97
2017-05-25,2415.07,2.25,48.57,2355.0
2017-05-26,2415.82,2.25,49.58,2272.7
2017-05-29,,,,2279.48
2017-05-30,2412.91,2.21,49.63,2191.58
2017-05-31,2411.8,2.21,48.29,2303.29
2017-06-01,2430.06,2.21,48.32,2419.99
2017-06-02,2439.07,2.15,47.68,2478.99
2017-06-05,2436.1,2.18,47.4,2698.0
2017-06-06,2429.33,2.14,48.13,2871.29
2017-06-07,2433.14,2.18,45.8,2685.64
2017-06-08,2433.79,2.19,45.68,2799.73
2017-06-09,2431.77,2.21,45.82,2811.39
2017-06-12,2429.39,2.21,46.1,2655.71
2017-06-13,2440.35,2.21,46.41,2709.01
2017-06-14,2437.92,2.15,44.79,2432.21
2017-06-15,2432.46,2.16,44.47,2409.98
2017-06-16,2433.15,2.16,44.73,2480.43
2017-06-19,2453.46,2.19,44.24,2596.98
2017-06-20,2437.03,2.16,43.34,2725.08
2017-06-21,2435.61,2.16,42.48,2643.35
2017-06-22,2434.5,2.15,42.53,2679.99
2017-06-23,2438.3,2.15,42.86,2690.76
2017-06-26,2439.07,2.14,43.24,2407.91
2017-06-27,2419.38,2.21,44.25,2575.75
2017-06-28,2440.69,2.22,44.74,2553.12
2017-06-29,2419.7,2.27,44.88,2530.0
2017-06-30,2423.41,2.31,46.02,2455.19
2017-07-03,2429.01,2.35,,2542.41
2017-07-04,,,,2602.0
2017-07-05,2432.54,2.33,45.11,2616.96
2017-07-06,2409.75,2.37,45.52,2604.84
2017-07-07,2425.18,2.39,44.25,2501.15
2017-07-10,2427.43,2.38,44.4,2331.05
2017-07-11,2425.53,2.37,45.06,2310.01
2017-07-12,2443.25,2.33,45.48,2383.42
2017-07-13,2447.83,2.35,46.06,2340.0
2017-07-14,2459.27,2.33,46.53,2217.24
2017-07-17,2459.14,2.31,46.02,2235.19
2017-07-18,2460.61,2.27,46.4,2308.15
2017-07-19,2473.83,2.27,47.1,2258.99
2017-07-20,2473.45,2.27,46.73,2873.48
2017-07-21,2472.54,2.24,45.78,2657.45
2017-07-24,2469.91,2.26,46.21,2762.26
2017-07-25,2477.13,2.33,47.77,2564.0
2017-07-26,2477.83,2.29,48.58,2525.99
2017-07-27,2475.42,2.32,49.05,2664.99
2017-07-28,2472.1,2.3,49.72,2786.07
2017-07-31,2470.3,2.3,50.21,2856.88
2017-08-01,2476.35,2.26,49.19,2732.59
2017-08-02,2477.57,2.27,49.6,2699.9
2017-08-03,2472.16,2.24,49.03,2787.02
2017-08-04,2476.83,2.27,49.57,2857.34
2017-08-07,2480.91,2.26,49.37,3398.23
2017-08-08,2474.92,2.29,49.07,3422.43
2017-08-09,2474.02,2.24,49.59,3342.8
2017-08-10,2438.21,2.2,48.54,3444.98
2017-08-11,2441.32,2.19,48.81,3656.15
2017-08-14,2465.84,2.22,47.59,4320.6
2017-08-15,2464.61,2.27,47.57,4159.93
2017-08-16,2468.11,2.23,46.8,4370.01
2017-08-17,2430.01,2.19,47.07,4280.01
2017-08-18,2425.55,2.19,48.59,4101.72
2017-08-21,2428.37,2.18,47.39,4002.0
2017-08-22,2452.51,2.22,47.65,4092.0
2017-08-23,2444.04,2.17,48.45,4143.49
2017-08-24,2438.97,2.19,47.24,4312.03
2017-08-25,2443.05,2.17,47.65,4360.0
2017-08-28,2444.24,2.16,46.4,4384.99
2017-08-29,2446.3,2.13,46.46,4599.0
2017-08-30,2457.59,2.15,45.96,4581.98
2017-08-31,2471.65,2.12,47.26,4743.94
2017-09-01,2476.55,2.16,47.32,4947.99
2017-09-04,,,,4498.25
2017-09-05,2457.85,2.07,48.63,4432.51
2017-09-06,2465.54,2.1,49.13,4616.18
2017-09-07,2465.1,2.05,49.1,4624.18
2017-09-08,2461.43,2.06,47.44,4350.0
2017-09-11,2488.11,2.14,48.06,4210.72
2017-09-12,2496.48,2.17,48.21,4164.52
2017-09-13,2498.37,2.2,49.3,3855.32
2017-09-14,2495.62,2.2,49.86,3250.4
2017-09-15,2500.23,2.2,49.9,3740.02
2017-09-18,2503.87,2.23,49.88,4100.0
2017-09-19,2506.65,2.24,49.54,3910.11
2017-09-20,2508.24,2.28,50.29,3872.06
2017-09-21,2500.6,2.27,50.58,3617.47
2017-09-22,2502.22,2.26,50.33,3619.01
2017-09-25,2496.66,2.22,51.85,3919.78
2017-09-26,2496.84,2.24,51.59,3885.09
2017-09-27,2507.04,2.31,52.14,4200.0
2017-09-28,2510.06,2.31,51.62,4189.42
2017-09-29,2519.36,2.33,51.67,4156.99
2017-10-02,2529.12,2.34,50.59,4392.71
2017-10-03,2534.58,2.33,50.44,4307.99
2017-10-04,2537.74,2.33,50.0,4214.84
2017-10-05,2552.07,2.35,50.79,4320.04
2017-10-06,2549.33,2.37,49.34,4362.99
2017-10-09,2544.73,,49.58,4769.55
2017-10-10,2550.64,2.35,50.93,4750.0
2017-10-11,2555.24,2.35,51.3,4814.99
2017-10-12,2550.93,2.33,50.61,5440.0
2017-10-13,2553.17,2.28,51.43,5624.8
2017-10-16,2557.64,2.3,51.86,5754.9
2017-10-17,2559.36,2.3,51.87,5594.0
2017-10-18,2561.26,2.34,52.05,5574.44
2017-10-19,2562.1,2.33,51.29,5704.01
2017-10-20,2575.21,2.39,51.63,5989.1
2017-10-23,2564.98,2.38,51.91,5905.99
2017-10-24,2569.13,2.42,52.32,5525.43
2017-10-25,2557.15,2.44,51.97,5739.97
2017-10-26,2560.4,2.46,52.41,5891.61
2017-10-27,2581.07,2.42,53.92,5780.0
2017-10-30,2572.83,2.37,54.11,6124.16
2017-10-31,2575.26,2.38,54.36,6445.01
2017-11-01,2579.36,2.37,54.32,6783.69
2017-11-02,2579.85,2.35,54.55,7039.98
2017-11-03,2587.84,2.34,55.63,7170.01
2017-11-06,2591.13,2.32,57.34,6969.76
2017-11-07,2590.64,2.32,57.19,7126.63
2017-11-08,2594.38,2.32,56.82,7467.96
2017-11-09,2584.62,2.33,57.16,7156.0
2017-11-10,2582.3,2.4,56.75,6577.62
2017-11-13,2584.84,2.4,56.77,6535.87
2017-11-14,2578.87,2.38,55.67,6605.0
2017-11-15,2564.62,2.33,55.28,7294.0
2017-11-16,2585.64,2.37,55.14,7838.53
2017-11-17,2578.85,2.35,56.21,7714.71
2017-11-20,2582.14,2.37,56.21,8256.01
2017-11-21,2599.03,2.36,56.84,8109.0
2017-11-22,2597.08,2.32,57.88,8250.0
2017-11-23,,,,8031.16
2017-11-24,2602.42,2.34,58.94,8215.01
2017-11-27,2601.42,2.32,58.1,9768.71
2017-11-28,2627.04,2.34,57.96,9949.0
2017-11-29,2626.07,2.37,57.25,9935.98
2017-11-30,2647.58,2.42,57.4,9903.0
2017-12-01,2642.22,2.37,58.35,10869.84
2017-12-04,2639.44,2.37,57.48,11643.98
2017-12-05,2629.57,2.36,57.66,11718.35
2017-12-06,2629.27,2.33,55.79,14090.0
2017-12-07,2636.98,2.37,56.5,17390.01
2017-12-08,2651.5,2.38,57.15,16367.03
2017-12-11,2659.99,2.39,57.84,16885.76
2017-12-12,2664.11,2.4,57.12,17730.12
2017-12-13,2662.85,2.36,56.59,16689.61
2017-12-14,2652.01,2.35,57.0,16749.78
2017-12-15,2675.81,2.35,57.29,17738.67
2017-12-18,2690.16,2.39,57.17,19039.01
2017-12-19,2681.47,2.46,57.49,17838.73
2017-12-20,2679.25,2.49,58.09,16496.89
2017-12-21,2684.57,2.48,58.34,15758.8
2017-12-22,2683.34,2.48,58.25,14210.57
2017-12-25,,,,14171.98
2017-12-26,2680.5,2.47,59.55,15790.88
2017-12-27,2682.62,2.42,59.67,15367.08
2017-12-28,2687.54,2.43,59.84,14450.01
2017-12-29,2673.61,2.4,60.46,14565.05
2018-01-01,,,,13480.01
2018-01-02,2695.81,2.46,60.37,14781.51
2018-01-03,2713.06,2.44,61.61,15098.14
2018-01-04,2723.99,2.46,61.98,15144.99
2018-01-05,2743.15,2.47,61.49,16960.01
2018-01-08,2747.71,2.49,61.73,14993.74
2018-01-09,2751.29,2.55,62.92,14480.99
2018-01-10,2748.23,2.55,63.6,14875.18
2018-01-11,2767.56,2.54,63.81,13308.06
2018-01-12,2786.24,2.55,64.22,13820.0
2018-01-15,,,,13590.0
2018-01-16,2776.42,2.54,63.82,11570.01
2018-01-17,2802.56,2.57,63.92,11200.01
2018-01-18,2798.03,2.62,63.96,11305.53
2018-01-19,2810.3,2.64,63.38,11498.99
2018-01-22,2832.97,2.66,63.66,10766.7
2018-01-23,2839.13,2.63,64.45,10824.94
2018-01-24,2837.54,2.65,65.69,11356.79
2018-01-25,2839.25,2.63,65.62,11118.0
2018-01-26,2872.87,2.66,66.27,11086.89
2018-01-29,2853.53,2.7,65.71,11123.01
2018-01-30,2822.43,2.73,64.64,9995.0
2018-01-31,2823.81,2.72,64.82,10099.99
2018-02-01,2821.98,2.78,65.92,9014.23
2018-02-02,2762.13,2.84,65.5,8787.52
2018-02-05,2648.94,2.77,64.18,6905.19
2018-02-06,2695.14,2.79,63.48,7688.46
2018-02-07,2681.66,2.84,61.91,7575.75
2018-02-08,2581.0,2.85,61.3,8218.1
2018-02-09,2619.55,2.83,59.2,8671.01
2018-02-12,2656.0,2.86,59.41,8872.28
2018-02-13,2662.94,2.83,59.33,8520.01
2018-02-14,2698.63,2.91,60.7,9472.98
2018-02-15,2731.2,2.9,61.48,10031.23
2018-02-16,2732.22,2.87,61.89,10167.49
2018-02-19,,,,11140.0
2018-02-20,2716.26,2.88,61.91,11235.57
2018-02-21,2701.33,2.94,61.73,10454.27
2018-02-22,2703.96,2.92,62.72,9830.0
2018-02-23,2747.3,2.88,63.52,10144.99
2018-02-26,2779.6,2.86,63.81,10300.0
2018-02-27,2744.28,2.9,62.94,10566.57
2018-02-28,2713.83,2.87,61.43,10307.27
2018-03-01,2677.67,2.81,60.98,10895.92
2018-03-02,2691.25,2.86,61.19,11000.0
2018-03-05,2720.94,2.88,62.49,11377.54
2018-03-06,2728.12,2.88,62.54,10700.0
2018-03-07,2726.8,2.89,61.09,9920.0
2018-03-08,2738.97,2.86,60.13,9304.9
2018-03-09,2786.57,2.9,62.02,9255.0
2018-03-12,2783.02,2.87,61.35,9120.0
2018-03-13,2765.31,2.84,60.69,9145.41
2018-03-14,2749.48,2.81,60.89,8207.03
2018-03-15,2747.33,2.82,61.16,8259.99
2018-03-16,2752.01,2.85,62.29,8275.0
2018-03-19,2712.92,2.85,62.01,8589.0
2018-03-20,2716.94,2.89,63.37,8900.0
2018-03-21,2711.93,2.89,65.1,8891.81
2018-03-22,2643.69,2.83,64.25,8715.09
2018-03-23,2588.26,2.82,65.8,8927.1
2018-03-26,2658.55,2.85,65.49,8145.0
2018-03-27,2612.62,2.78,65.21,7793.61
2018-03-28,2605.0,2.77,64.3,7942.72
2018-03-29,2640.87,2.74,64.87,7079.99
2018-03-30,,,,6848.01
2018-04-02,2581.88,2.73,63.05,7045.01
2018-04-03,2614.45,2.79,63.41,7424.9
2018-04-04,2644.69,2.79,63.35,6791.68
2018-04-05,2662.84,2.83,63.53,6785.85
2018-04-06,2604.47,2.77,62.03,6619.01
2018-04-09,2613.16,2.78,63.4,6771.13
2018-04-10,2656.87,2.8,65.48,6824.99
2018-04-11,2642.19,2.79,66.81,6942.99
2018-04-12,2663.99,2.83,67.07,7916.0
2018-04-13,2656.3,2.82,67.35,7893.19
2018-04-16,2677.84,2.83,66.23,8048.93
2018-04-17,2706.39,2.82,66.5,7892.1
2018-04-18,2708.64,2.87,68.44,8152.05
2018-04-19,2693.13,2.92,68.3,8274.0
2018-04-20,2670.14,2.96,68.26,8866.27
2018-04-23,2670.29,2.98,67.61,8931.3
2018-04-24,2634.56,3.0,67.66,9650.0
2018-04-25,2639.4,3.03,68.0,8865.98
2018-04-26,2666.94,3.0,68.18,9272.11
2018-04-27,2669.91,2.96,68.11,8922.55
2018-04-30,2648.05,2.95,68.56,9243.82
2018-05-01,2654.8,2.97,67.28,9072.29
2018-05-02,2635.67,2.97,67.91,9190.48
2018-05-03,2629.73,2.94,68.45,9725.74
2018-05-04,2663.42,2.95,69.71,9685.0
2018-05-07,2672.63,2.95,70.74,9356.25
2018-05-08,2671.92,2.97,68.83,9177.81
2018-05-09,2697.79,3.0,71.16,9300.08
2018-05-10,2723.07,2.97,71.36,9010.51
2018-05-11,2727.72,2.97,70.69,8403.33
2018-05-14,2730.13,3.0,71.01,8670.0
2018-05-15,2711.45,3.08,71.34,8477.46
2018-05-16,2722.46,3.09,71.43,8344.0
2018-05-17,2720.13,3.11,71.47,8059.0
2018-05-18,2712.97,3.06,71.23,8238.51
2018-05-21,2733.01,3.06,72.26,8393.44
2018-05-22,2724.44,3.06,72.09,7987.7
2018-05-23,2733.29,3.01,71.85,7505.0
2018-05-24,2727.76,2.98,70.77,7584.15
2018-05-25,2721.33,2.93,67.92,7459.11
2018-05-28,,,,7107.94
2018-05-29,2689.86,2.77,66.8,7460.0
2018-05-30,2724.01,2.84,68.24,7380.01
2018-05-31,2705.27,2.83,66.98,7485.0
2018-06-01,2734.62,2.89,65.81,7514.32
2018-06-04,2746.87,2.94,64.76,7487.37
2018-06-05,2748.8,2.92,65.51,7612.51
2018-06-06,2772.35,2.97,64.75,7655.0
2018-06-07,2770.37,2.93,65.96,7684.93
2018-06-08,2779.03,2.93,65.77,7618.83
2018-06-11,2782.0,2.96,66.1,6881.0
2018-06-12,2786.85,2.96,66.38,6544.99
2018-06-13,2775.63,2.98,66.63,6302.32
2018-06-14,2782.49,2.94,66.91,6638.49
2018-06-15,2779.66,2.93,65.01,6391.22
2018-06-18,2773.75,2.92,65.91,6709.02
2018-06-19,2762.59,2.89,65.09,6736.41
2018-06-20,2767.32,2.93,65.92,6756.1
2018-06-21,2749.76,2.9,65.68,6719.01
2018-06-22,2754.88,2.9,69.02,6059.82
2018-06-25,2717.07,2.87,69.91,6246.01
2018-06-26,2723.06,2.88,75.23,6074.0
2018-06-27,2699.63,2.83,77.41,6132.17
2018-06-28,2716.31,2.84,73.45,5851.66
2018-06-29,2718.37,2.85,74.13,6202.36
2018-07-02,2726.71,2.87,73.89,6611.79
2018-07-03,2713.22,2.83,74.19,6502.62
2018-07-04,,,,6587.47
2018-07-05,2736.61,2.84,73.05,6532.95
2018-07-06,2759.82,2.82,73.78,6600.0
2018-07-09,2784.17,2.86,73.93,6664.01
2018-07-10,2793.84,2.87,74.11,6303.7
2018-07-11,2774.02,2.85,70.47,6390.04
2018-07-12,2798.29,2.85,70.28,6249.75
2018-07-13,2801.31,2.83,71.03,6216.29
2018-07-16,2798.43,2.85,68.22,6728.81
2018-07-17,2809.55,2.86,68.03,7315.01
2018-07-18,2815.62,2.88,68.78,7378.99
2018-07-19,2804.49,2.84,69.42,7470.01
2018-07-20,2801.83,2.89,70.31,7334.46
2018-07-23,2806.98,2.96,67.9,7720.09
2018-07-24,2820.4,2.95,70.77,8385.5
2018-07-25,2846.07,2.94,71.13,8157.15
2018-07-26,2837.44,2.98,71.59,7931.99
2018-07-27,2818.82,2.96,68.66,8184.21
2018-07-30,2802.6,2.98,71.19,8170.01
2018-07-31,2816.29,2.96,69.88,7727.27
2018-08-01,2813.36,3.0,68.8,7603.99
2018-08-02,2827.22,2.98,68.95,7533.92
2018-08-03,2840.35,2.95,68.49,7414.08
2018-08-06,2850.4,2.94,69.01,6938.0
2018-08-07,2858.45,2.98,69.17,6718.22
2018-08-08,2857.7,2.96,66.92,6282.5
2018-08-09,2853.58,2.93,66.81,6546.45
2018-08-10,2833.28,2.87,67.61,6146.01
2018-08-13,2821.93,2.88,67.25,6253.67
2018-08-14,2839.96,2.89,67.04,6195.01
2018-08-15,2818.37,2.86,65.07,6269.01
2018-08-16,2840.69,2.87,65.44,6315.9
2018-08-17,2850.13,2.87,65.93,6585.49
2018-08-20,2857.05,2.82,66.5,6258.74
2018-08-21,2862.96,2.85,67.32,6475.89
2018-08-22,2861.82,2.82,67.85,6359.99
2018-08-23,2856.98,2.82,69.13,6526.36
2018-08-24,2874.69,2.82,69.71,6690.88
2018-08-27,2896.74,2.85,69.97,6911.9
2018-08-28,2897.52,2.88,68.54,7071.01
2018-08-29,2914.04,2.89,69.68,7030.9
2018-08-30,2901.13,2.86,70.25,6983.0
2018-08-31,2901.52,2.86,69.84,7015.01
2018-09-03,,,,7256.98
2018-09-04,2896.72,2.9,69.82,7360.0
2018-09-05,2888.6,2.9,68.69,6687.96
2018-09-06,2878.05,2.88,67.81,6495.0
2018-09-07,2871.68,2.94,67.73,6395.01
2018-09-10,2877.13,2.94,67.55,6300.0
2018-09-11,2887.89,2.98,69.29,6282.53
2018-09-12,2888.92,2.97,70.37,6326.0
2018-09-13,2904.18,2.97,68.6,6485.99
2018-09-14,2904.98,2.99,68.98,6478.04
2018-09-17,2888.8,2.99,68.86,6250.7
2018-09-18,2904.31,3.05,69.87,6335.7
2018-09-19,2907.95,3.08,71.08,6386.94
2018-09-20,2930.75,3.07,70.77,6493.11
2018-09-21,2929.67,3.07,70.8,6750.0
2018-09-24,2919.37,3.08,73.23,6582.09
2018-09-25,2915.56,3.1,73.4,6436.89
2018-09-26,2905.97,3.06,72.22,6455.66
2018-09-27,2914.0,3.06,72.18,6680.01
2018-09-28,2913.98,3.05,73.16,6620.01
2018-10-01,2924.59,3.09,75.37,6572.83
2018-10-02,2923.43,3.05,75.16,6498.46
2018-10-03,2925.51,3.15,76.4,6466.03
2018-10-04,2901.61,3.19,74.44,6547.45
2018-10-05,2885.57,3.23,74.26,6593.94
2018-10-08,2884.43,,74.27,6608.07
2018-10-09,2880.34,3.21,74.95,6589.48
2018-10-10,2785.68,3.22,73.18,6524.56
2018-10-11,2728.37,3.14,70.97,6154.69
2018-10-12,2767.13,3.15,71.41,6188.01
2018-10-15,2750.79,3.16,71.84,6440.42
2018-10-16,2809.92,3.16,71.93,6457.11
2018-10-17,2809.21,3.19,69.63,6443.7
2018-10-18,2768.78,3.17,68.63,6394.96
2018-10-19,2767.78,3.2,69.16,6382.99
2018-10-22,2755.88,3.2,69.25,6407.65
2018-10-23,2740.69,3.17,66.49,6395.14
2018-10-24,2656.1,3.1,66.56,6415.98
2018-10-25,2705.57,3.14,67.25,6395.58
2018-10-26,2658.69,3.08,67.58,6404.87
2018-10-29,2641.25,3.08,67.0,6266.0
2018-10-30,2682.63,3.12,66.18,6267.63
2018-10-31,2711.74,3.15,65.31,6304.18
2018-11-01,2740.37,3.14,63.67,6344.0
2018-11-02,2723.06,3.22,63.12,6349.8
2018-11-05,2738.31,3.2,63.12,6404.0
2018-11-06,2755.45,3.22,62.16,6448.5
2018-11-07,2813.89,3.22,61.69,6503.12
2018-11-08,2806.83,3.24,60.71,6406.24
2018-11-09,2781.01,3.19,60.19,6334.89
2018-11-12,2726.22,,59.85,6327.87
2018-11-13,2722.18,3.14,55.63,6259.34
2018-11-14,2701.58,3.12,56.16,5605.46
2018-11-15,2730.2,3.11,56.45,5579.52
2018-11-16,2736.27,3.08,56.49,5512.24
2018-11-19,2690.73,3.06,57.16,4733.5
2018-11-20,2641.89,3.06,53.39,4349.23
2018-11-21,2649.93,3.06,54.41,4545.11
2018-11-22,,,,4265.36
2018-11-23,2632.56,3.05,,4283.8
2018-11-26,2673.45,3.07,51.46,3731.32
2018-11-27,2682.17,3.06,51.31,3775.0
2018-11-28,2743.79,3.06,50.06,4225.03
2018-11-29,2737.76,3.03,51.46,4248.0
2018-11-30,2760.17,3.01,50.78,3976.0
2018-12-03,2790.37,2.98,52.98,3833.47
2018-12-04,2700.06,2.91,53.21,3901.84
2018-12-05,,,52.64,3694.39
2018-12-06,2695.95,2.87,51.54,3433.26
2018-12-07,2633.08,2.85,52.76,3380.01
2018-12-10,2637.72,2.85,51.07,3410.15
2018-12-11,2636.78,2.89,51.65,3349.36
2018-12-12,2651.07,2.91,51.04,3430.24
2018-12-13,2650.54,2.91,52.69,3265.0
2018-12-14,2599.95,2.89,51.26,3195.71
2018-12-17,2545.94,2.86,49.8,3496.82
2018-12-18,2546.16,2.82,46.12,3667.77
2018-12-19,2506.96,2.77,47.96,3682.51
2018-12-20,2467.42,2.79,45.64,4075.34
2018-12-21,2416.62,2.79,45.38,3839.06
2018-12-24,2351.1,2.74,,4034.0
2018-12-25,,,,3780.0
2018-12-26,2467.7,2.81,46.04,3809.88
2018-12-27,2488.83,2.77,44.48,3589.89
2018-12-28,2485.74,2.72,45.15,3888.06
2018-12-31,2506.85,2.69,,3691.86
2019-01-01,,,,3826.1
2019-01-02,2510.03,2.66,46.31,3890.79
2019-01-03,2447.89,2.56,46.92,3787.57
2019-01-04,2531.94,2.67,47.76,3820.25
2019-01-07,2549.69,2.7,48.27,4006.01
2019-01-08,2574.41,2.73,49.58,3993.86
2019-01-09,2584.96,2.74,52.19,4004.12
2019-01-10,2596.64,2.74,52.42,3626.12
2019-01-11,2596.26,2.71,51.44,3635.69
2019-01-14,2582.61,2.71,50.31,3664.19
2019-01-15,2610.3,2.72,51.8,3580.76
2019-01-16,2616.1,2.73,52.08,3609.71
2019-01-17,2635.96,2.75,51.83,3640.65
2019-01-18,2670.71,2.79,53.6,3607.85
2019-01-21,,,,3531.76
2019-01-22,2632.9,2.74,52.59,3577.03
2019-01-23,2638.7,2.76,52.44,3553.01
2019-01-24,2642.33,2.72,52.94,3568.97
2019-01-25,2664.76,2.76,53.53,3562.17
2019-01-28,2643.85,2.75,51.79,3429.95
2019-01-29,2640.0,2.72,53.07,3397.42
2019-01-30,2681.05,2.7,54.18,3437.55
2019-01-31,2704.1,2.63,53.84,3411.5
2019-02-01,2706.53,2.7,55.29,3437.5
2019-02-04,2724.87,2.73,54.57,3409.57
2019-02-05,2737.7,2.71,53.69,3428.4
2019-02-06,2731.61,2.7,53.94,3367.36
2019-02-07,2706.05,2.65,52.68,3359.0
2019-02-08,2707.88,2.63,52.75,3621.99
2019-02-11,2709.8,2.65,52.43,3590.36
2019-02-12,2744.73,2.68,53.14,3588.06
2019-02-13,2753.03,2.71,53.84,3576.68
2019-02-14,2745.73,2.66,54.4,3561.5
2019-02-15,2775.6,2.66,55.58,3566.59
2019-02-18,,,,3867.0
2019-02-19,2779.76,2.65,56.12,3888.01
2019-02-20,2784.7,2.65,56.9,3938.99
2019-02-21,2774.88,2.69,56.95,3897.71
2019-02-22,2792.67,2.65,57.01,3942.02
2019-02-25,2796.11,2.67,55.32,3818.79
2019-02-26,2793.9,2.64,55.4,3799.48
2019-02-27,2792.38,2.69,56.92,3799.91
2019-02-28,2784.49,2.73,57.21,3792.14
2019-03-01,2803.69,2.76,55.76,3806.17
2019-03-04,2792.81,2.72,56.6,3700.72
2019-03-05,2789.65,2.72,56.55,3844.59
2019-03-06,2771.45,2.69,56.22,3851.89
2019-03-07,2748.93,2.64,56.6,3857.05
2019-03-08,2743.07,2.62,55.77,3843.12
2019-03-11,2783.3,2.64,56.79,3849.68
2019-03-12,2791.52,2.61,56.89,3860.0
2019-03-13,2810.92,2.61,58.27,3851.02
2019-03-14,2808.48,2.63,58.59,3853.95
2019-03-15,2822.48,2.59,58.51,3902.8
2019-03-18,2832.94,2.6,59.09,3970.5
2019-03-19,2832.57,2.61,59.12,4000.85
2019-03-20,2824.23,2.54,60.12,4031.85
2019-03-21,2854.88,2.54,59.98,3972.76
2019-03-22,2800.71,2.44,58.87,3983.78
2019-03-25,2798.36,2.43,58.71,3907.53
2019-03-26,2818.46,2.41,59.87,3921.45
2019-03-27,2805.37,2.39,59.39,4026.53
2019-03-28,2815.44,2.39,59.29,4011.17
2019-03-29,2834.4,2.41,60.19,4091.01
2019-04-01,2867.19,2.49,61.59,4137.0
2019-04-02,2867.24,2.48,62.53,4901.93
2019-04-03,2873.4,2.52,62.46,4975.97
2019-04-04,2879.39,2.51,62.12,4906.49
2019-04-05,2892.74,2.5,63.1,5040.66
2019-04-08,2895.77,2.52,64.37,5285.54
2019-04-09,2878.2,2.51,64.05,5187.21
2019-04-10,2888.21,2.48,64.62,5318.58
2019-04-11,2888.32,2.51,63.61,5041.3
2019-04-12,2907.41,2.56,63.86,5078.19
2019-04-15,2905.58,2.55,63.43,5029.99
2019-04-16,2907.06,2.6,64.01,5202.9
2019-04-17,2900.45,2.59,63.74,5227.0
2019-04-18,2905.03,2.57,64.02,5280.49
2019-04-19,,,,5290.36
2019-04-22,2907.97,2.59,65.66,5387.6
2019-04-23,2933.68,2.57,66.24,5532.75
2019-04-24,2927.25,2.53,65.96,5441.9
2019-04-25,2926.17,2.54,65.23,5134.81
2019-04-26,2939.88,2.51,63.29,5159.51
2019-04-29,2943.03,2.54,63.39,5148.25
2019-04-30,2945.83,2.51,63.83,5270.69
2019-05-01,2923.73,2.52,63.55,5321.15
2019-05-02,2917.52,2.55,61.75,5390.01
2019-05-03,2945.64,2.54,61.98,5657.4
2019-05-06,2932.47,2.51,62.3,5687.9
2019-05-07,2884.05,2.45,61.41,5748.45
2019-05-08,2879.42,2.49,62.13,5948.41
2019-05-09,2870.72,2.45,61.58,6153.09
2019-05-10,2881.4,2.47,61.65,6343.14
2019-05-13,2811.87,2.4,60.97,7824.93
2019-05-14,2834.41,2.42,61.82,7990.92
2019-05-15,2850.96,2.37,62.03,8203.32
2019-05-16,2876.32,2.4,62.93,7878.96
2019-05-17,2859.53,2.39,62.77,7363.69
2019-05-20,2840.23,2.41,63.12,7999.54
2019-05-21,2864.36,2.43,63.02,7951.7
2019-05-22,2856.27,2.39,61.42,7626.48
2019-05-23,2822.24,2.31,57.65,7881.98
2019-05-24,2826.06,2.32,58.4,7994.88
2019-05-27,,,,8783.25
2019-05-28,2802.39,2.26,58.91,8686.5
2019-05-29,2783.02,2.25,58.84,8660.5
2019-05-30,2788.86,2.22,56.47,8273.57
2019-05-31,2752.06,2.14,53.49,8550.18
2019-06-03,2744.45,2.07,53.25,8015.01
2019-06-04,2803.27,2.12,53.5,7688.26
2019-06-05,2826.15,2.12,51.57,7766.91
2019-06-06,2843.49,2.12,52.59,7812.15
2019-06-07,2873.34,2.09,53.95,7992.17
2019-06-10,2886.73,2.15,53.33,8046.13
2019-06-11,2885.72,2.15,53.3,7918.2
2019-06-12,2879.84,2.13,51.13,8169.01
2019-06-13,2891.64,2.1,52.38,8256.0
2019-06-14,2886.98,2.09,52.47,8693.98
2019-06-17,2889.67,2.09,51.94,9346.47
2019-06-18,2917.75,2.06,53.86,9089.99
2019-06-19,2926.46,2.03,53.74,9283.99
2019-06-20,2954.18,2.01,56.88,9542.6
2019-06-21,2950.46,2.07,57.35,10175.88
2019-06-24,2945.35,2.02,57.73,11040.03
2019-06-25,2917.38,2.0,57.63,11736.99
2019-06-26,2913.78,2.05,59.17,12902.52
2019-06-27,2924.92,2.01,59.18,11127.4
2019-06-28,2941.76,2.0,58.2,12317.73
2019-07-01,2964.33,2.03,58.91,10570.62
2019-07-02,2973.01,1.98,56.0,10885.01
2019-07-03,2995.82,1.96,57.06,12022.61
2019-07-04,,,,11130.95
2019-07-05,2990.41,2.04,,11038.61
2019-07-08,2975.95,2.05,57.35,12298.31
2019-07-09,2979.63,2.07,57.57,12559.46
2019-07-10,2993.07,2.07,60.28,12083.13
2019-07-11,2999.91,2.13,59.93,11323.95
2019-07-12,3013.77,2.12,59.99,11811.99
2019-07-15,3014.3,2.09,59.3,10855.56
2019-07-16,3004.04,2.13,57.44,9436.0
2019-07-17,2984.42,2.06,56.5,9708.55
2019-07-18,2995.11,2.04,55.08,10654.25
2019-07-19,2976.61,2.05,55.42,10548.04
2019-07-22,2985.03,2.05,55.87,10304.64
2019-07-23,3005.47,2.08,56.58,9833.19
2019-07-24,3019.56,2.05,55.9,9751.24
2019-07-25,3003.67,2.08,55.88,9880.67
2019-07-26,3025.86,2.08,56.04,9841.96
2019-07-29,3020.97,2.06,56.85,9503.32
2019-07-30,3013.18,2.06,58.04,9580.0
2019-07-31,2980.38,2.02,58.53,10099.0
2019-08-01,2953.56,1.9,53.64,10417.24
2019-08-02,2932.05,1.86,55.67,10533.07
2019-08-05,2844.74,1.75,54.63,11775.14
2019-08-06,2881.77,1.73,53.6,11440.08
2019-08-07,2883.98,1.71,51.14,12014.41
2019-08-08,2938.09,1.72,52.6,12017.89
2019-08-09,2918.65,1.74,54.41,11889.0
2019-08-12,2883.75,1.65,54.98,11387.38
2019-08-13,2926.32,1.68,57.05,10855.58
2019-08-14,2840.6,1.59,55.16,10105.34
2019-08-15,2847.6,1.52,54.51,10280.96
2019-08-16,2888.68,1.55,54.83,10368.83
2019-08-19,2923.65,1.6,56.24,10935.67
2019-08-20,2900.51,1.55,56.18,10770.99
2019-08-21,2924.43,1.59,55.65,10137.75
2019-08-22,2922.95,1.62,55.33,10088.89
2019-08-23,2847.11,1.52,54.08,10415.01
2019-08-26,2878.38,1.54,53.54,10373.75
2019-08-27,2869.16,1.49,54.99,10170.16
2019-08-28,2887.94,1.47,55.76,9710.38
2019-08-29,2924.58,1.5,56.67,9525.0
2019-08-30,2926.46,1.5,55.07,9580.6
2019-09-02,,,,10405.05
2019-09-03,2906.27,1.47,53.91,10628.46
2019-09-04,2937.78,1.47,56.22,10585.67
2019-09-05,2976.0,1.57,56.33,10574.27
2019-09-06,2978.71,1.55,56.45,10318.8
2019-09-09,2978.43,1.63,57.88,10310.01
2019-09-10,2979.39,1.72,57.37,10090.01
2019-09-11,3000.93,1.75,55.66,10169.49
2019-09-12,3009.57,1.79,55.13,10437.19
2019-09-13,3007.39,1.9,54.76,10381.91
2019-09-16,2997.96,1.84,63.1,10268.77
2019-09-17,3005.7,1.81,59.26,10185.14
2019-09-18,3006.73,1.8,58.19,10155.26
2019-09-19,3006.79,1.79,58.19,10304.94
2019-09-20,2992.07,1.74,57.92,10168.44
2019-09-23,2991.78,1.72,58.69,9683.89
2019-09-24,2966.6,1.64,57.22,8556.43
2019-09-25,2984.87,1.73,56.38,8446.57
2019-09-26,2977.62,1.7,56.24,8063.0
2019-09-27,2961.79,1.69,55.95,8193.98
2019-09-30,2976.74,1.68,54.09,8305.14
2019-10-01,2940.25,1.65,53.6,8323.43
2019-10-02,2887.61,1.6,52.67,8396.0
2019-10-03,2910.63,1.54,52.41,8241.25
2019-10-04,2952.01,1.52,52.84,8159.71
2019-10-07,2938.79,1.56,52.76,8224.82
2019-10-08,2893.06,1.54,52.64,8186.73
2019-10-09,2919.4,1.59,52.63,8600.0
2019-10-10,2938.13,1.67,53.57,8589.01
2019-10-11,2970.27,1.76,54.76,8263.64
2019-10-14,2966.15,,53.57,8363.0
2019-10-15,2995.68,1.77,52.81,8156.52
2019-10-16,2989.69,1.75,53.42,7993.0
2019-10-17,2997.95,1.76,53.89,8077.0
2019-10-18,2986.2,1.76,53.75,7954.16
2019-10-21,3006.72,1.8,53.28,8214.58
2019-10-22,2995.99,1.78,54.21,8008.04
2019-10-23,3004.52,1.77,55.9,7473.42
2019-10-24,3010.29,1.77,56.11,7439.29
2019-10-25,3022.55,1.8,56.52,8704.85
2019-10-28,3039.42,1.85,55.6,9221.96
2019-10-29,3036.89,1.84,55.34,9431.27
2019-10-30,3046.77,1.78,54.85,9175.77
2019-10-31,3037.56,1.69,54.02,9146.75
2019-11-01,3066.91,1.73,56.04,9268.0
2019-11-04,3078.27,1.79,56.33,9414.0
2019-11-05,3074.62,1.86,57.04,9314.99
2019-11-06,3076.78,1.81,56.15,9343.11
2019-11-07,3085.18,1.92,56.91,9196.71
2019-11-08,3093.08,1.94,57.02,8758.69
2019-11-11,3087.01,,,8720.61
2019-11-12,3091.84,1.92,56.67,8823.65
2019-11-13,3094.04,1.88,56.88,8765.61
2019-11-14,3096.63,1.82,56.57,8630.01
2019-11-15,3120.46,1.84,57.54,8460.0
2019-11-18,3122.03,1.81,56.82,8160.73
2019-11-19,3120.18,1.79,54.93,8123.36
2019-11-20,3108.46,1.73,56.71,8082.96
2019-11-21,3103.54,1.77,58.36,7618.76
2019-11-22,3110.29,1.77,57.68,7296.45
2019-11-25,3133.64,1.76,57.79,7125.0
2019-11-26,3140.52,1.74,58.25,7155.0
2019-11-27,3153.63,1.77,58.12,7539.4
2019-11-28,,,,7413.05
2019-11-29,3140.98,1.78,58.12,7751.29
2019-12-02,3113.87,1.83,55.97,7315.09
2019-12-03,3093.2,1.72,56.15,7296.0
2019-12-04,3112.76,1.77,58.46,7185.57
2019-12-05,3117.43,1.8,58.42,7388.75
2019-12-06,3145.91,1.84,59.2,7560.76
2019-12-09,3135.96,1.83,58.99,7332.69
2019-12-10,3132.52,1.85,59.22,7215.69
2019-12-11,3141.63,1.79,58.74,7275.17
2019-12-12,3168.57,1.9,59.18,7194.19
2019-12-13,3168.8,1.82,60.11,7249.25
2019-12-16,3191.45,1.89,60.21,6877.04
2019-12-17,3192.52,1.89,60.88,6618.62
2019-12-18,3191.14,1.92,60.93,7309.12
2019-12-19,3205.37,1.92,61.3,7153.99
2019-12-20,3221.22,1.92,60.43,7189.87
2019-12-23,3224.01,1.93,60.51,7318.18
2019-12-24,3223.38,1.9,61.17,7259.87
2019-12-25,,,,7194.76
2019-12-26,3239.91,1.9,61.72,7195.0
2019-12-27,3240.02,1.88,61.76,7247.35
2019-12-30,3221.29,1.9,61.66,7191.0
2019-12-31,3230.78,1.92,61.14,7158.01
2020-01-01,,,,7174.32
2020-01-02,3257.85,1.88,61.17,6945.01
2020-01-03,3234.85,1.8,63.0,7335.54
2020-01-06,3246.28,1.81,63.27,7773.48
2020-01-07,3237.18,1.83,62.7,8169.95
2020-01-08,3253.05,1.87,59.65,8035.08
2020-01-09,3274.7,1.85,59.56,7813.78
2020-01-10,3265.35,1.83,59.02,8183.89
2020-01-13,3288.13,1.85,58.17,8109.62
2020-01-14,3283.15,1.82,58.34,8757.18
2020-01-15,3289.29,1.79,57.86,8831.86
2020-01-16,3316.81,1.81,58.52,8727.22
2020-01-17,3329.62,1.84,58.55,8875.81
2020-01-20,,,,8633.67
2020-01-21,3320.79,1.78,58.25,8730.0
2020-01-22,3321.75,1.77,56.76,8665.0
2020-01-23,3325.54,1.74,55.51,8386.63
2020-01-24,3295.47,1.7,54.09,8424.96
2020-01-27,3243.63,1.61,53.09,8903.24
2020-01-28,3276.24,1.65,53.33,9417.64
2020-01-29,3273.4,1.6,53.29,9270.0
2020-01-30,3283.66,1.57,52.19,9493.61
2020-01-31,3225.52,1.51,51.58,9343.28
2020-02-03,3248.92,1.54,50.06,9282.29
2020-02-04,3297.59,1.61,49.59,9158.57
2020-02-05,3334.69,1.66,50.87,9623.44
2020-02-06,3345.78,1.65,50.94,9765.96
2020-02-07,3327.71,1.59,50.34,9804.98
2020-02-10,3352.09,1.56,49.59,9854.5
2020-02-11,3357.75,1.59,50.0,10279.99
2020-02-12,3379.45,1.62,51.13,10344.01
2020-02-13,3373.94,1.61,51.41,10239.57
2020-02-14,3380.16,1.59,52.03,10380.0
2020-02-17,,,,9711.95
2020-02-18,3370.29,1.55,52.1,10191.51
2020-02-19,3386.15,1.56,53.31,9591.54
2020-02-20,3373.23,1.52,53.77,9610.05
2020-02-21,3337.75,1.46,53.36,9697.01
2020-02-24,3225.89,1.38,51.36,9668.08
2020-02-25,3128.21,1.33,49.78,9301.01
2020-02-26,3116.39,1.33,48.67,8776.01
2020-02-27,2978.76,1.3,47.17,8816.71
2020-02-28,2954.22,1.13,44.83,8713.16
2020-03-02,3090.23,1.1,46.78,8923.52
2020-03-03,3003.37,1.02,47.27,8769.67
2020-03-04,3130.12,1.02,46.78,8765.0
2020-03-05,3023.94,0.92,45.9,9053.56
2020-03-06,2972.37,0.74,41.14,9162.98
2020-03-09,2746.56,0.54,31.05,7945.03
2020-03-10,2882.23,0.76,34.47,7887.01
2020-03-11,2741.38,0.82,33.13,7957.02
2020-03-12,2480.64,0.88,31.56,4980.0
2020-03-13,2711.02,0.94,31.72,5592.77
2020-03-16,2386.13,0.73,28.96,5074.2
2020-03-17,2529.19,1.02,26.96,5361.77
2020-03-18,2398.1,1.18,20.48,5426.71
2020-03-19,2409.39,1.12,25.09,6219.99
2020-03-20,2304.92,0.92,19.48,6215.4
2020-03-23,2237.4,0.76,23.33,6583.38
2020-03-24,2447.33,0.84,21.03,6742.21
2020-03-25,2475.56,0.88,20.75,6752.83
2020-03-26,2630.07,0.83,16.6,6772.2
2020-03-27,2541.47,0.72,15.48,6320.46
2020-03-30,2626.65,0.7,14.1,6401.26
2020-03-31,2584.59,0.7,20.51,6434.73
2020-04-01,2470.5,0.62,20.28,6719.39
2020-04-02,2526.9,0.63,25.18,6789.84
2020-04-03,2488.65,0.62,28.36,6727.99
2020-04-06,2663.68,0.67,26.21,7320.07
2020-04-07,2659.41,0.75,23.54,7204.58
2020-04-08,2749.98,0.77,24.97,7343.65
2020-04-09,2789.82,0.73,22.9,7294.69
2020-04-10,,,,6892.54
2020-04-13,2761.63,0.76,22.36,6871.0
2020-04-14,2846.06,0.76,20.15,6865.72
2020-04-15,2783.36,0.63,19.96,6576.76
2020-04-16,2799.55,0.61,19.82,7123.29
2020-04-17,2874.56,0.65,18.31,7055.22
2020-04-20,2823.16,0.63,-36.98,6832.57
2020-04-21,2736.56,0.58,8.91,6845.0
2020-04-22,2799.31,0.63,13.64,7143.99
2020-04-23,2797.8,0.61,15.06,7479.06
2020-04-24,2836.74,0.6,15.99,7514.64
2020-04-27,2878.48,0.67,12.17,7773.0
2020-04-28,2863.39,0.62,12.4,7774.39
2020-04-29,2939.51,0.63,15.04,8789.1
2020-04-30,2912.43,0.64,19.23,8652.3
2020-05-01,2830.71,0.64,19.72,8813.9
2020-05-04,2842.74,0.64,20.47,8900.29
2020-05-05,2868.44,0.66,24.56,9037.69
2020-05-06,2848.42,0.72,23.88,9132.24
2020-05-07,2881.19,0.63,23.68,10007.56
2020-05-08,2929.8,0.69,24.73,9790.23
2020-05-11,2930.32,0.73,24.02,8557.37
2020-05-12,2870.12,0.69,25.76,8809.14
2020-05-13,2820.0,0.64,25.37,9335.84
2020-05-14,2852.5,0.63,27.4,9815.22
2020-05-15,2863.7,0.64,29.44,9331.18
2020-05-18,2953.91,0.73,31.83,9733.21
2020-05-19,2922.94,0.7,32.3,9783.91
2020-05-20,2971.61,0.68,33.56,9497.76
2020-05-21,2948.51,0.68,34.3,9039.12
2020-05-22,2955.45,0.66,33.49,9173.23
2020-05-25,,,,8892.39
2020-05-26,2991.77,0.69,34.7,8836.77
2020-05-27,3036.13,0.68,32.8,9200.0
2020-05-28,3029.73,0.7,33.67,9593.72
2020-05-29,3044.31,0.65,35.57,9426.87
2020-06-01,3055.73,0.66,35.49,10212.38
2020-06-02,3080.82,0.68,36.88,9509.35
2020-06-03,3122.87,0.77,37.33,9672.67
2020-06-04,3112.35,0.82,37.42,9799.57
2020-06-05,3193.93,0.91,39.49,9568.95
2020-06-08,3232.39,0.88,38.17,9833.94
2020-06-09,3207.18,0.84,38.98,9778.6
2020-06-10,3190.14,0.75,39.54,9899.18
2020-06-11,3002.1,0.66,36.43,9258.7
2020-06-12,3041.31,0.71,36.24,9466.77
2020-06-15,3066.59,0.71,37.07,9437.23
2020-06-16,3124.74,0.75,38.26,9534.8
2020-06-17,3113.49,0.74,37.91,9460.53
2020-06-18,3115.34,0.71,38.79,9368.15
2020-06-19,3097.74,0.7,39.72,9285.54
2020-06-22,3117.86,0.71,40.6,9700.91
2020-06-23,3131.29,0.72,40.4,9623.74
2020-06-24,3050.33,0.69,37.91,9284.1
2020-06-25,3083.76,0.68,38.66,9232.84
2020-06-26,3009.05,0.64,38.53,9157.22
2020-06-29,3053.24,0.64,39.67,9191.05
2020-06-30,3100.29,0.66,39.27,9129.47
2020-07-01,3115.86,0.69,39.88,9239.09
2020-07-02,3130.01,0.68,40.57,9088.54
2020-07-03,,,,9050.05
2020-07-06,3179.72,0.69,40.51,9331.69
2020-07-07,3145.32,0.65,40.59,9263.56
2020-07-08,3169.94,0.67,40.91,9436.01
2020-07-09,3152.05,0.62,39.64,9230.48
2020-07-10,3185.04,0.65,40.56,9298.16
2020-07-13,3155.22,0.64,40.06,9230.14
2020-07-14,3197.52,0.63,40.3,9258.34
2020-07-15,3226.56,0.64,41.2,9194.51
2020-07-16,3215.57,0.62,40.74,9130.91
2020-07-17,3224.73,0.64,40.55,9147.65
2020-07-20,3251.84,0.62,40.83,9161.13
2020-07-21,3257.3,0.61,41.76,9396.65
2020-07-22,3276.02,0.6,41.88,9546.31
2020-07-23,3235.66,0.59,40.99,9612.05
2020-07-24,3215.63,0.59,41.23,9553.41
2020-07-27,3239.41,0.62,41.46,11108.44
2020-07-28,3218.44,0.59,40.89,10952.85
2020-07-29,3258.44,0.58,41.13,11100.39
2020-07-30,3246.22,0.55,39.85,11139.67
2020-07-31,3271.12,0.55,40.1,11372.76
2020-08-03,3294.61,0.56,40.83,11235.44
2020-08-04,3306.51,0.52,41.67,11198.04
2020-08-05,3327.77,0.55,42.25,11737.59
2020-08-06,3349.16,0.55,41.93,11766.62
2020-08-07,3351.28,0.57,41.16,11598.96
2020-08-10,3360.47,0.59,41.94,11896.19
2020-08-11,3333.69,0.64,41.53,11387.01
2020-08-12,3380.35,0.69,42.6,11563.16
2020-08-13,3373.43,0.71,42.26,11824.99
2020-08-14,3372.85,0.71,42.05,11785.29
2020-08-17,3381.99,0.69,42.89,12325.1
2020-08-18,3389.78,0.67,42.89,11983.52
2020-08-19,3374.85,0.68,42.91,11764.8
2020-08-20,3385.51,0.65,42.62,11856.24
2020-08-21,3397.16,0.64,42.32,11526.32
2020-08-24,3431.28,0.65,42.44,11762.34
2020-08-25,3443.62,0.69,43.17,11324.86
2020-08-26,3478.73,0.69,43.21,11460.01
2020-08-27,3484.55,0.74,42.88,11341.73
2020-08-28,3508.01,0.74,42.96,11540.0
2020-08-31,3500.31,0.72,42.61,11665.93
2020-09-01,3526.65,0.68,42.76,11911.74
2020-09-02,3580.84,0.66,42.76,11390.12
2020-09-03,3455.06,0.63,41.39,10225.82
2020-09-04,3426.96,0.72,39.69,
2020-09-07,,,,10389.85
2020-09-08,3331.84,0.69,36.87,10123.21
2020-09-09,3398.96,0.71,38.05,10235.0
2020-09-10,3339.19,0.68,37.25,10345.95
2020-09-11,3340.97,0.67,37.33,10399.99
2020-09-14,3383.54,0.68,37.23,10679.33
2020-09-15,3401.2,0.68,38.29,10789.8
2020-09-16,3385.49,0.69,40.17,10953.38
2020-09-17,3357.01,0.69,40.99,10947.83
2020-09-18,3319.47,0.7,41.09,10942.2
2020-09-21,3281.06,0.68,39.26,10425.85
2020-09-22,3315.57,0.68,39.55,10529.01
2020-09-23,3236.92,0.68,39.92,10230.11
2020-09-24,3246.59,0.67,40.11,10741.0
2020-09-25,3298.46,0.66,40.06,10693.3
2020-09-28,3351.6,0.67,40.47,10681.01
2020-09-29,3335.47,0.66,39.03,10845.9
2020-09-30,3363.0,0.69,40.05,10783.24
2020-10-01,3380.8,0.68,38.51,10598.64
2020-10-02,3348.44,0.7,36.9,10577.92
2020-10-05,3408.63,0.78,39.12,10800.0
2020-10-06,3360.95,0.76,40.52,10594.15
2020-10-07,3419.45,0.81,39.82,10671.23
2020-10-08,3446.83,0.78,41.04,10926.71
2020-10-09,3477.13,0.79,40.44,11059.3
2020-10-12,3534.22,,39.22,11534.83
2020-10-13,3511.93,0.74,40.03,11434.36
2020-10-14,3488.67,0.73,40.86,11426.87
2020-10-15,3483.34,0.74,40.84,11509.25
2020-10-16,3483.81,0.76,40.7,11329.33
2020-10-19,3426.92,0.78,40.69,11765.09
2020-10-20,3443.12,0.81,41.37,11917.34
2020-10-21,3435.56,0.83,39.88,12836.37
2020-10-22,3453.49,0.87,40.46,12977.02
2020-10-23,3465.39,0.85,39.73,12943.03
2020-10-26,3400.97,0.81,38.39,13072.95
2020-10-27,3390.68,0.79,39.34,13698.18
2020-10-28,3271.03,0.79,37.27,13280.0
2020-10-29,3310.11,0.85,35.94,13460.0
2020-10-30,3269.96,0.88,35.64,13582.97
2020-11-02,3310.24,0.87,36.6,13573.93
2020-11-03,3369.16,0.9,37.44,14050.59
2020-11-04,3443.44,0.78,38.97,14160.0
2020-11-05,3510.45,0.79,38.56,15636.6
2020-11-06,3509.44,0.83,36.97,15596.33
2020-11-09,3550.5,0.96,40.05,15334.37
2020-11-10,3545.53,0.98,41.18,15325.25
2020-11-11,3572.66,,41.23,15723.81
2020-11-12,3537.01,0.88,40.9,16319.72
2020-11-13,3585.15,0.89,39.93,16339.59
2020-11-16,3626.91,0.91,41.14,16714.58
2020-11-17,3609.53,0.87,41.24,17660.9
2020-11-18,3567.79,0.88,41.64,17802.82
2020-11-19,3581.87,0.86,41.57,17804.44
2020-11-20,3557.54,0.83,41.99,18702.87
2020-11-23,3577.59,0.86,42.91,18391.21
2020-11-24,3635.41,0.88,44.71,19185.07
2020-11-25,3629.65,0.88,45.58,18706.15
2020-11-26,,,,17173.0
2020-11-27,3638.35,0.84,,17156.99
2020-11-30,3621.63,0.84,45.2,19727.0
2020-12-01,3662.45,0.92,44.54,18763.35
2020-12-02,3669.01,0.95,45.23,19245.61
2020-12-03,3666.72,0.92,45.65,19430.07
2020-12-04,3699.12,0.97,46.23,18692.32
2020-12-07,3691.96,0.94,45.72,19202.88
2020-12-08,3702.25,0.92,45.64,18311.76
2020-12-09,3672.82,0.95,45.48,18550.01
2020-12-10,3668.1,0.92,46.76,18286.8
2020-12-11,3663.46,0.9,46.59,18048.14
2020-12-14,3647.49,0.9,47.02,19288.43
2020-12-15,3694.62,0.92,47.58,19451.34
2020-12-16,3701.17,0.92,47.86,21384.63
2020-12-17,3722.48,0.94,48.34,22830.34
2020-12-18,3709.41,0.95,49.04,23169.26
2020-12-21,3694.92,0.95,47.79,22777.26
2020-12-22,3687.26,0.93,47.02,23839.99
2020-12-23,3690.01,0.96,47.94,23196.57
2020-12-24,3703.06,0.94,48.18,23740.01
2020-12-25,,,,24736.42
2020-12-28,3735.36,0.94,47.5,27044.14
2020-12-29,3727.04,0.94,47.85,27407.85
2020-12-30,3732.04,0.93,48.24,28934.56
2020-12-31,3756.07,0.93,48.35,29026.97
2021-01-01,,,,29391.09
2021-01-04,3700.65,0.93,47.47,32127.31
2021-01-05,3726.86,0.96,49.78,34131.23
2021-01-06,3748.14,1.04,50.45,36979.81
2021-01-07,3803.79,1.08,50.63,39573.39
2021-01-08,3824.68,1.13,52.14,40666.72
2021-01-11,3799.61,1.15,52.15,35474.31
2021-01-12,3801.19,1.15,53.08,33968.43
2021-01-13,3809.84,1.1,52.81,37520.66
2021-01-14,3795.54,1.15,53.47,39171.12
2021-01-15,3768.25,1.11,52.25,36868.39
2021-01-18,,,,36765.97
2021-01-19,3798.91,1.1,52.87,35673.03
2021-01-20,3851.85,1.1,53.16,35570.44
2021-01-21,3853.07,1.12,53.0,30647.26
2021-01-22,3841.47,1.1,52.28,32885.51
2021-01-25,3855.36,1.05,52.78,31979.0
2021-01-26,3849.62,1.05,52.61,32579.82
2021-01-27,3750.77,1.04,52.81,30552.06
2021-01-28,3787.38,1.07,52.26,33484.8
2021-01-29,3714.24,1.11,52.16,34330.14
2021-02-01,3773.86,1.09,53.55,33457.6
2021-02-02,3826.31,1.12,54.77,35511.07
2021-02-03,3830.17,1.15,55.67,37769.41
2021-02-04,3871.74,1.15,56.19,37070.87
2021-02-05,3886.83,1.19,56.8,38376.86
2021-02-08,3915.59,1.19,57.95,46674.44
2021-02-09,3911.23,1.18,58.34,46595.44
2021-02-10,3909.88,1.15,58.69,44887.29
2021-02-11,3916.38,1.16,58.22,48121.0
2021-02-12,3934.83,1.2,59.5,47524.18
2021-02-15,,,,47911.87
2021-02-16,3932.59,1.3,60.07,49257.23
2021-02-17,3931.33,1.29,61.09,52269.84
2021-02-18,3913.97,1.29,60.4,51644.16
2021-02-19,3906.71,1.34,59.12,56029.51
2021-02-22,3876.5,1.37,61.67,54130.33
2021-02-23,3881.37,1.37,61.66,48972.11
2021-02-24,3925.43,1.38,63.21,49789.99
2021-02-25,3829.34,1.54,63.43,46927.73
2021-02-26,3811.15,1.44,61.55,46360.17
2021-03-01,3901.82,1.45,60.54,49652.19
2021-03-02,3870.29,1.42,59.7,48368.22
2021-03-03,3819.72,1.47,61.33,50164.67
2021-03-04,3768.47,1.54,63.81,48327.39
2021-03-05,3841.94,1.56,66.08,48908.09
2021-03-08,3821.35,1.59,65.03,52472.59
2021-03-09,3875.44,1.55,64.02,54999.99
2021-03-10,3898.81,1.53,64.45,56046.27
2021-03-11,3939.34,1.54,66.02,57911.02
2021-03-12,3943.34,1.64,65.59,57174.89
2021-03-15,3968.94,1.62,65.36,55430.19
2021-03-16,3962.71,1.62,64.82,57126.52
2021-03-17,3974.12,1.63,64.55,59221.23
2021-03-18,3915.46,1.71,59.95,57562.46
2021-03-19,3913.1,1.74,61.43,58001.29
2021-03-22,3940.59,1.69,61.48,54230.21
2021-03-23,3910.52,1.63,57.75,54268.81
2021-03-24,3889.14,1.62,61.12,52294.65
2021-03-25,3909.52,1.63,58.47,51386.2
2021-03-26,3974.54,1.67,60.93,55314.11
2021-03-29,3971.09,1.73,61.49,57630.72
2021-03-30,3958.55,1.73,60.55,58800.0
2021-03-31,3972.89,1.74,59.19,58837.71
2021-04-01,4019.87,1.69,61.41,58768.84
2021-04-02,,1.72,,59019.55
2021-04-05,4077.91,1.73,58.73,59200.0
2021-04-06,4073.94,1.67,59.34,58018.31
2021-04-07,4079.95,1.68,59.77,55962.11
2021-04-08,4097.17,1.64,59.61,58108.65
2021-04-09,4128.8,1.67,59.29,58126.14
2021-04-12,4127.99,1.69,59.7,59903.04
2021-04-13,4141.59,1.64,60.2,63660.94
2021-04-14,4124.66,1.64,63.15,63283.43
2021-04-15,4170.42,1.56,63.42,63346.93
2021-04-16,4185.47,1.59,63.16,61486.08
2021-04-19,4163.26,1.61,63.33,55797.39
2021-04-20,4134.94,1.58,62.61,56514.9
2021-04-21,4173.42,1.57,61.34,53919.48
2021-04-22,4134.98,1.57,61.45,51653.27
2021-04-23,4180.17,1.58,62.18,51231.69
2021-04-26,4187.62,1.58,62.02,53969.71
2021-04-27,4186.72,1.63,63.03,55120.81
2021-04-28,4183.18,1.63,63.81,54964.11
2021-04-29,4211.47,1.65,65.0,53562.87
2021-04-30,4181.17,1.65,63.5,57640.17
2021-05-03,4192.66,1.63,64.46,57213.29
2021-05-04,4164.66,1.61,65.72,53128.68
2021-05-05,4167.59,1.59,65.63,57518.01
2021-05-06,4201.62,1.58,64.73,56485.77
2021-05-07,4232.6,1.6,64.96,57373.88
2021-05-10,4188.43,1.63,64.92,55936.77
2021-05-11,4152.1,1.64,65.31,56719.0
2021-05-12,4063.04,1.69,65.96,49095.57
2021-05-13,4112.5,1.66,63.82,49635.45
2021-05-14,4173.85,1.63,65.32,49923.92
2021-05-17,4163.29,1.64,66.24,43768.74
2021-05-18,4127.83,1.64,65.49,42989.8
2021-05-19,4115.68,1.68,63.28,37236.61
2021-05-20,4159.12,1.63,61.95,40749.78
2021-05-21,4155.86,1.63,63.61,37425.0
2021-05-24,4197.05,1.61,66.13,38725.06
2021-05-25,4188.13,1.56,66.27,38370.0
2021-05-26,4195.99,1.58,66.41,39213.41
2021-05-27,4200.88,1.61,66.87,38368.17
2021-05-28,4204.11,1.58,66.31,35770.0
2021-05-31,,,,37153.71
2021-06-01,4202.04,1.62,67.8,36764.58
2021-06-02,4208.12,1.59,68.79,37501.36
2021-06-03,4192.85,1.63,68.81,39215.09
2021-06-04,4229.89,1.56,69.57,36895.48
2021-06-07,4226.52,1.57,69.21,33816.09
2021-06-08,4227.26,1.53,70.11,33432.26
2021-06-09,4219.55,1.5,69.9,37357.02
2021-06-10,4239.18,1.45,70.34,36717.51
2021-06-11,4247.44,1.47,71.0,37282.15
2021-06-14,4255.15,1.51,70.94,40496.92
2021-06-15,4246.59,1.51,72.06,40093.93
2021-06-16,4223.7,1.57,72.03,38394.4
2021-06-17,4221.86,1.52,71.06,38027.63
2021-06-18,4166.45,1.45,71.64,35777.39
2021-06-21,4224.79,1.5,73.64,31686.69
2021-06-22,4246.44,1.48,73.15,32508.26
2021-06-23,4241.84,1.5,73.11,33688.35
2021-06-24,4266.49,1.49,73.31,34695.34
2021-06-25,4280.7,1.54,74.21,31704.87
2021-06-28,4290.61,1.49,72.98,34541.8
2021-06-29,4291.8,1.49,73.14,35928.75
2021-06-30,4297.5,1.45,73.52,34995.83
2021-07-01,4319.94,1.48,75.33,33538.49
2021-07-02,4352.34,1.44,75.37,33832.49
2021-07-05,,,,33673.22
2021-07-06,4343.54,1.37,73.62,34193.9
2021-07-07,4358.13,1.33,72.22,33791.0
2021-07-08,4320.82,1.3,72.98,32878.23
2021-07-09,4369.55,1.37,74.56,33766.87
2021-07-12,4384.63,1.38,74.21,33096.86
2021-07-13,4369.21,1.42,75.24,32768.54
2021-07-14,4374.3,1.37,73.06,32817.18
2021-07-15,4360.03,1.31,71.67,31891.09
2021-07-16,4327.16,1.31,71.76,31408.78
2021-07-19,4258.49,1.19,66.45,30849.9
2021-07-20,4323.06,1.23,67.32,29788.61
2021-07-21,4358.69,1.3,70.26,32086.04
2021-07-22,4367.48,1.27,72.15,32327.95
2021-07-23,4411.79,1.3,72.24,33700.0
2021-07-26,4422.3,1.29,72.15,37269.12
2021-07-27,4401.46,1.25,71.68,39381.82
2021-07-28,4400.64,1.26,72.37,40031.56
2021-07-29,4419.15,1.28,73.62,40024.94
2021-07-30,4395.26,1.24,73.93,42188.95
2021-08-02,4387.16,1.2,71.31,39146.69
2021-08-03,4423.15,1.19,70.64,38207.27
2021-08-04,4402.66,1.19,68.19,39730.0
2021-08-05,4429.1,1.23,69.1,40893.75
2021-08-06,4436.52,1.31,68.26,42827.76
2021-08-09,4432.35,1.33,66.56,46208.5
2021-08-10,4436.75,1.36,68.33,45565.76
2021-08-11,4447.7,1.35,69.3,45482.95
2021-08-12,4460.83,1.36,69.12,44454.37
2021-08-13,4468.0,1.29,68.36,47765.41
2021-08-16,4479.71,1.26,67.44,45930.71
2021-08-17,4448.08,1.26,66.5,44718.51
2021-08-18,4400.27,1.27,65.36,44735.2
2021-08-19,4405.8,1.24,63.69,46736.74
2021-08-20,4441.67,1.26,62.25,49350.99
2021-08-23,4479.53,1.25,65.65,49464.66
2021-08-24,4486.23,1.29,67.5,47770.4
2021-08-25,4496.19,1.35,68.54,48985.05
2021-08-26,4470.0,1.34,67.42,46770.6
2021-08-27,4509.37,1.31,68.84,49082.04
2021-08-30,4528.79,1.29,69.28,46924.16
2021-08-31,4522.68,1.3,68.43,47065.73
2021-09-01,4524.09,1.31,68.63,48889.19
2021-09-02,4536.95,1.29,70.07,49273.33
2021-09-03,4535.43,1.33,69.34,49919.31
2021-09-06,,,,52691.2
2021-09-07,4520.03,1.38,68.49,46943.82
2021-09-08,4514.07,1.35,69.36,46022.48
2021-09-09,4493.28,1.3,68.26,46414.58
2021-09-10,4458.58,1.35,69.82,44897.75
2021-09-13,4468.73,1.33,70.54,44969.02
2021-09-14,4443.05,1.28,70.53,47096.48
2021-09-15,4480.7,1.31,72.59,48106.71
2021-09-16,4473.75,1.34,72.69,47772.7
2021-09-17,4432.99,1.37,72.09,47337.8
2021-09-20,4357.73,1.31,70.41,42991.14
2021-09-21,4354.19,1.33,70.51,40656.13
2021-09-22,4395.64,1.32,72.37,43544.09
2021-09-23,4448.98,1.41,73.43,44892.71
2021-09-24,4455.48,1.47,74.18,42816.65
2021-09-27,4443.11,1.48,75.54,42214.52
2021-09-28,4352.63,1.54,75.44,41006.19
2021-09-29,4359.46,1.55,75.06,41522.49
2021-09-30,4307.54,1.52,75.22,43834.03
2021-10-01,4357.04,1.48,76.01,48145.34
2021-10-04,4300.46,1.49,77.68,49248.68
2021-10-05,4345.72,1.54,79.17,51441.74
2021-10-06,4363.55,1.53,77.66,55278.64
2021-10-07,4399.76,1.58,78.46,53844.74
2021-10-08,4391.34,1.61,79.55,53983.21
2021-10-11,4361.19,,80.64,57440.05
2021-10-12,4350.65,1.59,80.75,56019.29
2021-10-13,4363.8,1.56,80.67,57372.59
2021-10-14,4438.26,1.52,81.43,57327.09
2021-10-15,4471.37,1.59,82.39,61682.48
2021-10-18,4486.46,1.59,82.62,62036.95
2021-10-19,4519.63,1.65,83.19,64353.53
2021-10-20,4536.19,1.65,84.4,66005.17
2021-10-21,4549.78,1.68,82.64,62152.09
2021-10-22,4544.9,1.66,84.53,60671.75
2021-10-25,4566.48,1.64,84.64,63102.83
2021-10-26,4574.79,1.63,85.64,60341.21
2021-10-27,4551.68,1.54,82.66,58517.61
2021-10-28,4596.42,1.57,82.78,60577.62
2021-10-29,4605.38,1.55,83.5,62316.4
2021-11-01,4613.67,1.58,84.08,60950.0
2021-11-02,4630.65,1.56,83.91,63357.2
2021-11-03,4660.57,1.6,80.82,62944.4
2021-11-04,4680.06,1.53,78.88,61499.24
2021-11-05,4697.53,1.45,81.25,61000.01
2021-11-08,4701.7,1.51,81.96,67510.06
2021-11-09,4685.25,1.46,84.12,66967.98
2021-11-10,4646.71,1.56,81.23,64896.86
2021-11-11,4649.27,,81.47,64793.69
2021-11-12,4682.85,1.58,80.87,64158.51
2021-11-15,4682.8,1.63,80.85,63441.68
2021-11-16,4700.9,1.63,80.76,60147.32
2021-11-17,4688.67,1.6,78.32,60314.28
2021-11-18,4704.54,1.59,78.92,57017.38
2021-11-19,4697.96,1.54,76.11,58187.85
2021-11-22,4682.94,1.63,76.74,56254.57
2021-11-23,4690.7,1.67,78.32,57599.99
2021-11-24,4701.46,1.64,78.32,57255.24
2021-11-25,,,,59022.44
2021-11-26,4594.62,1.48,,53839.39
2021-11-29,4655.27,1.52,69.88,57828.33
2021-11-30,4567.0,1.43,66.14,56879.47
2021-12-01,4513.04,1.43,65.44,57228.47
2021-12-02,4577.1,1.44,66.6,56566.29
2021-12-03,4538.43,1.35,66.39,53681.96
2021-12-06,4591.67,1.43,69.62,50588.91
2021-12-07,4686.75,1.48,71.94,50676.09
2021-12-08,4701.21,1.52,72.43,50531.51
2021-12-09,4667.45,1.49,70.87,47639.07
2021-12-10,4712.02,1.48,71.71,47268.48
2021-12-13,4668.97,1.42,71.19,46639.86
2021-12-14,4634.09,1.44,70.57,48343.16
2021-12-15,4709.85,1.47,70.89,48885.97
2021-12-16,4668.67,1.44,72.34,47605.48
2021-12-17,4620.64,1.41,70.93,46240.15
2021-12-20,4568.02,1.43,68.69,46963.71
2021-12-21,4649.23,1.48,71.1,48954.47
2021-12-22,4696.56,1.46,72.82,48646.94
2021-12-23,4725.79,1.5,73.89,50840.46
2021-12-24,,,,50815.7
2021-12-27,4791.19,1.48,75.49,50663.26
2021-12-28,4786.35,1.49,76.01,47594.55
2021-12-29,4793.06,1.55,76.58,46518.8
2021-12-30,4778.73,1.52,76.83,47097.85
2021-12-31,4766.18,1.52,75.33,46244.63
2022-01-03,4796.56,1.63,75.99,46519.76
2022-01-04,4793.54,1.66,77.0,45889.4
2022-01-05,4700.58,1.71,77.83,43422.85
2022-01-06,4696.05,1.73,79.47,43133.33
2022-01-07,4677.03,1.76,79.0,41656.16
2022-01-10,4670.29,1.78,78.11,41872.47
2022-01-11,4713.07,1.75,81.17,42771.24
2022-01-12,4726.35,1.74,82.51,43884.25
2022-01-13,4659.03,1.7,81.97,42617.64
2022-01-14,4662.85,1.78,83.82,43158.68
2022-01-17,,,,42285.47
2022-01-18,4577.11,1.87,85.42,42411.61
2022-01-19,4532.76,1.83,86.84,41723.49
2022-01-20,4482.73,1.83,86.29,40696.22
2022-01-21,4397.94,1.75,85.16,36513.29
2022-01-24,4410.13,1.75,84.48,36643.49
2022-01-25,4356.45,1.78,86.61,36976.64
2022-01-26,4349.93,1.85,88.33,36838.9
2022-01-27,4326.51,1.81,87.61,37139.68
2022-01-28,4431.85,1.78,87.67,37677.8
2022-01-31,4515.55,1.79,89.16,38430.3
2022-02-01,4546.54,1.81,88.22,38745.11
2022-02-02,4589.38,1.78,88.16,36905.98
2022-02-03,4477.44,1.82,90.17,37238.31
2022-02-04,4500.53,1.93,92.27,41545.39
2022-02-07,4483.87,1.92,91.25,43897.96
2022-02-08,4521.54,1.96,89.32,44147.59
2022-02-09,4587.18,1.94,89.57,44402.94
2022-02-10,4504.08,2.03,89.83,43477.29
2022-02-11,4418.64,1.92,93.1,42391.54
2022-02-14,4401.67,1.98,95.52,42572.56
2022-02-15,4471.07,2.05,92.07,44469.73
2022-02-16,4475.01,2.03,93.83,43897.22
2022-02-17,4380.26,1.97,91.78,40553.82
2022-02-18,4348.87,1.92,91.26,39993.11
2022-02-21,,,,37075.4
2022-02-22,4304.76,1.94,92.11,38261.46
2022-02-23,4225.5,1.99,92.14,37225.0
2022-02-24,4288.7,1.96,92.77,38367.61
2022-02-25,4384.65,1.97,91.68,39212.8
2022-02-28,4373.94,1.83,96.13,43206.02
2022-03-01,4306.26,1.72,103.66,44412.2
2022-03-02,4386.54,1.86,110.74,43862.75
2022-03-03,4363.49,1.86,107.69,42432.0
2022-03-04,4328.87,1.74,115.77,39205.77
2022-03-07,4201.09,1.78,119.26,38004.69
2022-03-08,4170.7,1.86,123.64,38724.21
2022-03-09,4277.88,1.94,108.81,41985.86
2022-03-10,4259.52,1.98,105.93,39454.87
2022-03-11,4204.31,2.0,109.31,38670.76
2022-03-14,4173.11,2.14,103.22,39644.88
2022-03-15,4262.45,2.15,96.42,39361.36
2022-03-16,4357.86,2.19,94.85,41109.85
2022-03-17,4411.67,2.2,102.97,40964.07
2022-03-18,4463.12,2.14,104.69,41806.03
2022-03-21,4461.18,2.32,112.14,41009.98
2022-03-22,4511.61,2.38,111.03,42359.88
2022-03-23,4456.24,2.32,114.89,42940.28
2022-03-24,4520.16,2.34,114.2,43979.48
2022-03-25,4543.06,2.48,116.2,44355.11
2022-03-28,4575.52,2.46,107.55,47191.31
2022-03-29,4631.6,2.41,104.25,47430.74
2022-03-30,4602.45,2.35,107.81,47022.82
2022-03-31,4530.41,2.32,100.53,45475.83
2022-04-01,4545.86,2.39,99.32,46222.43
2022-04-04,4582.64,2.42,103.29,46568.89
2022-04-05,4525.12,2.54,101.98,45449.25
2022-04-06,4481.15,2.61,96.39,43206.04
2022-04-07,4500.21,2.66,96.05,43432.08
2022-04-08,4488.28,2.72,98.35,42281.5
2022-04-11,4412.53,2.79,94.22,39615.2
2022-04-12,4397.45,2.72,100.52,40105.2
2022-04-13,4446.59,2.7,104.26,41101.04
2022-04-14,4392.59,2.83,106.84,39910.05
2022-04-15,,,,40566.6
2022-04-18,4391.69,2.85,108.24,40817.48
2022-04-19,4462.21,2.93,102.54,41480.25
2022-04-20,4459.45,2.85,102.56,41350.25
2022-04-21,4393.66,2.9,103.89,40464.52
2022-04-22,4271.78,2.9,102.86,39708.2
2022-04-25,4296.12,2.81,99.6,40490.41
2022-04-26,4175.2,2.77,102.62,38102.78
2022-04-27,4183.96,2.82,101.96,39188.42
2022-04-28,4287.5,2.85,105.47,39737.71
2022-04-29,4131.93,2.89,104.59,38597.17
2022-05-02,4155.38,2.99,105.18,38488.36
2022-05-03,4175.48,2.97,102.53,37708.41
2022-05-04,4300.17,2.93,107.84,39671.83
2022-05-05,4146.87,3.05,108.17,36516.79
2022-05-06,4123.34,3.12,109.72,36013.22
2022-05-09,3991.24,3.05,103.08,30176.73
2022-05-10,4001.05,2.99,99.74,30961.83
2022-05-11,3935.18,2.91,105.5,29027.82
2022-05-12,3930.08,2.84,106.15,28959.93
2022-05-13,4023.89,2.93,110.52,29292.4
2022-05-16,4008.01,2.88,114.07,29854.67
2022-05-17,4088.85,2.98,112.31,30391.04
2022-05-18,3923.68,2.89,109.67,28762.93
2022-05-19,3900.79,2.84,112.21,30258.84
2022-05-20,3901.36,2.78,112.63,29138.15
2022-05-23,3973.75,2.86,110.32,29095.68
2022-05-24,3941.48,2.76,112.55,29605.66
2022-05-25,3978.73,2.75,112.88,29487.83
2022-05-26,4057.84,2.75,116.19,29160.96
2022-05-27,4158.24,2.74,114.96,28608.55
2022-05-30,,,,31691.54
2022-05-31,4132.15,2.85,114.38,31804.27
2022-06-01,4101.23,2.94,115.26,29779.16
2022-06-02,4176.82,2.92,116.88,30428.98
2022-06-03,4108.54,2.96,118.97,29684.67
2022-06-06,4121.43,3.04,118.41,31324.88
2022-06-07,4160.68,2.98,119.55,31073.76
2022-06-08,4115.77,3.03,121.94,30195.33
2022-06-09,4017.82,3.04,121.52,30070.71
2022-06-10,3900.86,3.15,120.73,29061.88
2022-06-13,3749.63,3.43,120.92,22333.0
2022-06-14,3735.48,3.49,118.92,22122.57
2022-06-15,3789.99,3.33,115.32,22544.07
2022-06-16,3666.77,3.28,117.56,20336.62
2022-06-17,3674.84,3.25,109.56,20421.22
2022-06-20,,,,20534.33
2022-06-21,3764.79,3.31,110.49,20675.12
2022-06-22,3759.89,3.16,106.22,19997.23
2022-06-23,3795.73,3.09,105.75,21121.55
2022-06-24,3911.74,3.13,109.07,21206.32
2022-06-27,3900.11,3.2,111.44,20718.74
2022-06-28,3821.55,3.2,113.66,20251.34
2022-06-29,3818.83,3.1,111.65,20094.43
2022-06-30,3785.38,2.98,107.76,19837.58
2022-07-01,3825.33,2.88,110.3,19270.3
2022-07-04,,,,20205.89
2022-07-05,3831.39,2.82,101.55,20171.1
2022-07-06,3845.08,2.93,100.31,20556.8
2022-07-07,3902.62,3.01,104.62,21657.39
2022-07-08,3899.38,3.09,106.78,21582.54
2022-07-11,3854.43,2.99,106.09,19942.91
2022-07-12,3818.8,2.96,97.69,19302.71
2022-07-13,3801.78,2.91,98.44,20206.62
2022-07-14,3790.38,2.96,97.79,20583.48
2022-07-15,3863.16,2.93,99.59,20838.39
2022-07-18,3830.85,2.96,104.48,22368.75
2022-07-19,3936.69,3.01,106.12,23410.92
2022-07-20,3959.9,3.04,104.45,23237.11
2022-07-21,3998.95,2.91,98.44,23140.92
2022-07-22,3961.63,2.77,97.71,22706.35
2022-07-25,3966.84,2.81,99.83,21248.31
2022-07-26,3921.05,2.81,97.74,21277.3
2022-07-27,4023.61,2.78,100.03,22986.74
2022-07-28,4072.43,2.68,99.11,23875.62
2022-07-29,4130.29,2.67,101.31,23817.5
2022-08-01,4118.63,2.6,96.59,23250.19
2022-08-02,4091.19,2.75,97.14,23005.22
2022-08-03,4155.17,2.73,93.25,22820.48
2022-08-04,4151.94,2.68,91.29,22604.63
2022-08-05,4145.19,2.83,91.77,23285.14
2022-08-08,4140.06,2.77,93.52,23824.9
2022-08-09,4122.47,2.8,93.18,23138.91
2022-08-10,4210.24,2.78,94.68,23982.75
2022-08-11,4207.27,2.87,97.02,23956.28
2022-08-12,4280.15,2.84,94.86,24398.29
2022-08-15,4297.14,2.79,92.24,24092.27
2022-08-16,4305.2,2.82,89.23,23861.8
2022-08-17,4274.04,2.89,90.85,23357.89
2022-08-18,4283.74,2.88,93.2,23175.9
2022-08-19,4228.48,2.98,93.55,20850.04
2022-08-22,4137.99,3.03,93.42,21403.82
2022-08-23,4128.73,3.05,96.46,21529.34
2022-08-24,4140.77,3.11,95.52,21358.67
2022-08-25,4199.12,3.03,93.33,21518.35
2022-08-26,4057.66,3.04,93.63,20230.18
2022-08-29,4030.61,3.12,97.4,20291.07
2022-08-30,3986.16,3.11,92.08,19835.7
2022-08-31,3955.0,3.15,90.09,20025.48
2022-09-01,3966.85,3.26,87.09,20112.51
2022-09-02,3924.26,3.2,87.29,19946.87
2022-09-05,,,,19807.74
2022-09-06,3908.19,3.33,87.35,18777.0
2022-09-07,3979.87,3.27,82.5,19286.23
2022-09-08,4006.18,3.29,84.04,19320.01
2022-09-09,4067.36,3.33,87.27,21355.55
2022-09-12,4110.41,3.37,88.18,22412.6
2022-09-13,3932.69,3.42,87.84,20164.09
2022-09-14,3946.01,3.41,88.88,20216.63
2022-09-15,3901.35,3.45,85.72,19690.75
2022-09-16,3873.33,3.45,85.57,19784.17
2022-09-19,3899.89,3.49,86.15,19553.1
2022-09-20,3855.93,3.57,84.69,18869.22
2022-09-21,3789.93,3.51,83.38,18488.54
2022-09-22,3757.99,3.7,84.02,19402.35
2022-09-23,3693.23,3.69,79.07,19304.43
2022-09-26,3655.04,3.88,77.17,19224.81
2022-09-27,3647.29,3.97,78.91,19072.97
2022-09-28,3719.04,3.72,82.61,19407.62
2022-09-29,3640.47,3.76,81.78,19610.61
2022-09-30,3585.62,3.83,79.91,19415.8
2022-10-03,3678.43,3.67,84.05,19640.84
2022-10-04,3790.93,3.62,86.87,20344.37
2022-10-05,3783.28,3.76,88.22,20152.33
2022-10-06,3744.52,3.83,88.9,19962.19
2022-10-07,3639.66,3.89,93.07,19524.22
2022-10-10,3612.39,,91.6,19104.67
2022-10-11,3588.84,3.93,89.75,19069.69
2022-10-12,3577.03,3.91,87.83,19157.32
2022-10-13,3669.91,3.97,89.59,19382.53
2022-10-14,3583.07,4.0,86.1,19187.64
2022-10-17,3677.95,4.02,86.0,19565.96
2022-10-18,3719.98,4.01,83.29,19334.77
2022-10-19,3695.16,4.14,86.0,19122.17
2022-10-20,3665.78,4.24,86.02,19046.77
2022-10-21,3752.75,4.21,85.47,19172.57
2022-10-24,3797.34,4.25,86.12,19332.45
2022-10-25,3859.11,4.1,86.93,20113.74
2022-10-26,3830.6,4.04,89.39,20760.56
2022-10-27,3807.3,3.96,89.06,20287.17
2022-10-28,3901.06,4.02,87.85,20594.01
2022-10-31,3871.98,4.1,86.54,20472.79
2022-11-01,3856.1,4.07,88.36,20479.49
2022-11-02,3759.69,4.1,90.06,20148.56
2022-11-03,3719.89,4.14,88.14,20205.32
2022-11-04,3770.55,4.17,92.58,21157.96
2022-11-07,3806.8,4.22,91.8,20578.77
2022-11-08,3828.11,4.14,88.8,18561.6
2022-11-09,3748.57,4.12,85.79,15850.62
2022-11-10,3956.37,3.82,86.52,17573.15
2022-11-11,3992.93,,89.14,16997.14
2022-11-14,3957.25,3.88,85.85,16576.49
2022-11-15,3991.73,3.8,86.87,16869.14
2022-11-16,3958.79,3.67,85.62,16660.48
2022-11-17,3946.56,3.77,81.69,16677.36
2022-11-18,3965.34,3.82,80.07,16673.07
2022-11-21,3949.94,3.83,79.74,15755.75
2022-11-22,4003.58,3.76,80.83,16206.32
2022-11-23,4027.26,3.71,77.93,16597.46
2022-11-24,,,,16579.3
2022-11-25,4026.12,3.68,76.45,16508.49
2022-11-28,3963.94,3.69,77.1,16193.89
2022-11-29,3957.63,3.75,77.96,16441.63
2022-11-30,4080.11,3.68,80.48,17179.78
2022-12-01,4076.57,3.53,81.06,16980.55
2022-12-02,4071.7,3.51,79.86,17099.27
2022-12-05,3998.84,3.6,76.83,16970.79
2022-12-06,3941.26,3.51,74.21,17089.95
2022-12-07,3933.92,3.42,71.93,16844.05
2022-12-08,3963.51,3.48,71.3,17228.23
2022-12-09,3934.38,3.57,71.05,17129.01
2022-12-12,3990.56,3.61,72.96,17209.62
2022-12-13,4019.65,3.51,75.44,17763.65
2022-12-14,3995.32,3.49,77.14,17815.79
2022-12-15,3895.75,3.44,75.89,17358.0
2022-12-16,3852.36,3.48,74.19,16627.33
2022-12-19,3817.66,3.57,75.05,16453.07
2022-12-20,3821.62,3.69,75.92,16893.02
2022-12-21,3878.44,3.68,78.17,16821.03
2022-12-22,3822.39,3.67,77.68,16819.21
2022-12-23,3844.82,3.75,79.57,16776.77
2022-12-26,,,,16940.82
2022-12-27,3829.25,3.84,79.45,16693.38
2022-12-28,3783.22,3.88,78.89,16539.02
2022-12-29,3849.28,3.83,78.43,16626.11
2022-12-30,3839.5,3.88,80.16,16606.43
2023-01-02,,,,16660.83
2023-01-03,3824.14,3.79,76.87,16670.38
2023-01-04,3852.97,3.69,72.82,16850.4
2023-01-05,3808.1,3.71,73.61,16824.98
2023-01-06,3895.08,3.55,73.77,16950.6
2023-01-09,3892.09,3.53,74.69,17181.15
2023-01-10,3919.25,3.61,75.11,17444.75
2023-01-11,3969.61,3.54,77.46,17942.22
2023-01-12,3983.17,3.43,78.32,18863.74
2023-01-13,3999.09,3.49,79.9,19909.21
2023-01-16,,,,21186.93
2023-01-17,3990.97,3.53,80.25,21153.37
2023-01-18,3928.86,3.37,79.53,20710.89
2023-01-19,3898.85,3.39,80.31,21088.14
2023-01-20,3972.61,3.48,81.27,22686.85
2023-01-23,4019.81,3.52,81.62,22915.32
2023-01-24,4016.95,3.46,79.86,22612.34
2023-01-25,4016.22,3.46,79.78,23072.42
2023-01-26,4060.43,3.49,80.64,23028.35
2023-01-27,4070.56,3.52,79.73,23072.62
2023-01-30,4017.77,3.55,77.97,22832.32
2023-01-31,4076.6,3.52,78.95,23134.74
2023-02-01,4119.21,3.39,76.34,23740.02
2023-02-02,4179.76,3.4,75.87,23548.98
2023-02-03,4136.48,3.53,73.4,23426.4
2023-02-06,4111.08,3.63,74.11,22751.79
2023-02-07,4164.0,3.67,77.17,23260.42
2023-02-08,4117.86,3.63,78.47,22973.38
2023-02-09,4081.5,3.67,78.04,21804.16
2023-02-10,4090.46,3.74,79.74,21629.58
2023-02-13,4137.29,3.72,80.14,21786.33
2023-02-14,4136.13,3.77,79.08,22193.69
2023-02-15,4147.6,3.81,78.57,24340.76
2023-02-16,4090.41,3.86,78.45,23468.21
2023-02-17,4079.09,3.82,76.31,24562.04
2023-02-20,,,,24835.63
2023-02-21,3997.34,3.95,76.28,24447.91
2023-02-22,3991.05,3.93,73.95,24187.63
2023-02-23,4012.32,3.88,75.26,23938.48
2023-02-24,3970.04,3.95,76.19,23181.45
2023-02-27,3982.24,3.92,75.57,23479.61
2023-02-28,3970.15,3.92,76.88,23146.93
2023-03-01,3951.39,4.01,77.57,23634.46
2023-03-02,3981.35,4.08,78.05,23469.09
2023-03-03,4045.64,3.97,79.62,22343.55
2023-03-06,4048.42,3.98,80.39,22419.33
2023-03-07,3986.37,3.97,77.45,22198.95
2023-03-08,3992.01,3.98,76.56,21712.64
2023-03-09,3918.32,3.93,75.6,20364.09
2023-03-10,3861.59,3.7,76.55,20227.02
2023-03-13,3855.76,3.55,74.68,24239.87
2023-03-14,3919.29,3.64,71.18,24786.83
2023-03-15,3891.93,3.51,67.38,24350.57
2023-03-16,3960.28,3.56,68.15,25040.11
2023-03-17,3916.64,3.39,66.61,27442.51
2023-03-20,3951.57,3.47,67.56,27818.07
2023-03-21,4002.87,3.59,69.4,28195.56
2023-03-22,3936.97,3.48,70.71,27324.09
2023-03-23,3948.72,3.38,69.77,28361.31
2023-03-24,3970.99,3.38,69.22,27488.93
2023-03-27,3977.53,3.53,72.87,27139.64
2023-03-28,3971.27,3.55,73.12,27273.12
2023-03-29,4027.81,3.57,72.95,28366.67
2023-03-30,4050.83,3.55,74.32,28036.88
2023-03-31,4109.31,3.48,75.68,28492.72
2023-04-03,4124.51,3.43,80.4,27807.81
2023-04-04,4100.6,3.35,80.7,28172.02
2023-04-05,4090.38,3.3,80.69,28187.68
2023-04-06,4105.02,3.3,80.7,28053.47
2023-04-07,,3.39,,27927.15
2023-04-10,4109.11,3.41,79.79,29678.68
2023-04-11,4108.94,3.43,81.54,30243.93
2023-04-12,4091.95,3.41,83.26,29913.06
2023-04-13,4146.22,3.45,82.16,30412.73
2023-04-14,4137.64,3.52,82.58,30493.72
2023-04-17,4151.32,3.6,80.93,29449.98
2023-04-18,4154.87,3.58,80.85,30382.37
2023-04-19,4154.52,3.6,79.18,28814.51
2023-04-20,4129.79,3.54,77.27,28235.24
2023-04-21,4133.52,3.57,77.86,27259.0
2023-04-24,4137.04,3.52,78.64,27518.81
2023-04-25,4071.63,3.4,77.05,28321.6
2023-04-26,4055.99,3.43,74.33,28406.04
2023-04-27,4135.35,3.53,74.77,29502.8
2023-04-28,4169.48,3.44,76.78,29344.36
2023-05-01,4167.87,3.59,75.65,28056.44
2023-05-02,4119.58,3.44,71.71,28682.78
2023-05-03,4090.75,3.38,68.62,29047.44
2023-05-04,4061.22,3.37,68.52,28861.56
2023-05-05,4136.25,3.44,71.32,29514.95
2023-05-08,4138.12,3.52,73.13,27682.7
2023-05-09,4119.17,3.53,73.68,27647.15
2023-05-10,4137.64,3.43,72.53,27620.2
2023-05-11,4130.62,3.39,70.81,27007.95
2023-05-12,4124.08,3.46,70.02,26811.54
2023-05-15,4136.28,3.5,71.07,27178.3
2023-05-16,4109.9,3.54,70.85,27041.08
2023-05-17,4158.77,3.57,72.78,27417.13
2023-05-18,4198.05,3.65,71.82,26829.49
2023-05-19,4191.98,3.7,71.57,26877.99
2023-05-22,4192.63,3.72,71.81,26854.54
2023-05-23,4145.58,3.7,72.87,27223.75
2023-05-24,4115.24,3.73,74.37,26321.63
2023-05-25,4151.28,3.83,71.68,26488.5
2023-05-26,4205.45,3.8,72.35,26728.06
2023-05-29,,,,27755.32
2023-05-30,4205.52,3.69,69.45,27696.65
2023-05-31,4179.83,3.64,68.11,27222.9
2023-06-01,4221.02,3.61,70.09,26837.1
2023-06-02,4282.37,3.69,71.76,27250.49
2023-06-05,4273.79,3.69,72.14,25751.24
2023-06-06,4283.85,3.7,71.71,27245.8
2023-06-07,4267.52,3.79,72.52,26347.69
2023-06-08,4293.93,3.73,71.28,26504.81
2023-06-09,4298.86,3.75,70.16,26483.2
2023-06-12,4338.93,3.73,67.08,25906.91
2023-06-13,4369.01,3.84,69.39,25933.04
2023-06-14,4372.59,3.83,68.22,25103.81
2023-06-15,4425.84,3.72,70.61,25542.36
2023-06-16,4409.59,3.77,71.81,26341.33
2023-06-19,,,,26822.19
2023-06-20,4388.71,3.74,70.94,28315.01
2023-06-21,4365.69,3.72,72.55,29998.22
2023-06-22,4381.89,3.8,69.22,29885.29
2023-06-23,4348.33,3.74,68.91,30692.18
2023-06-26,4328.82,3.72,69.09,30279.98
2023-06-27,4378.41,3.77,67.68,30702.1
2023-06-28,4376.86,3.71,69.54,30102.6
2023-06-29,4396.44,3.85,69.85,30441.4
2023-06-30,4450.38,3.81,70.66,30475.82
2023-07-03,4455.59,3.86,69.71,31163.19
2023-07-04,,,,30766.91
2023-07-05,4446.82,3.95,71.78,30492.71
2023-07-06,4411.59,4.05,71.76,29910.89
2023-07-07,4398.95,4.06,73.91,30337.33
2023-07-10,4409.53,4.01,73.05,30427.52
2023-07-11,4439.26,3.99,74.87,30636.22
2023-07-12,4472.16,3.86,75.77,30379.01
2023-07-13,4510.04,3.76,76.86,31471.53
2023-07-14,4505.42,3.83,75.44,30312.82
2023-07-17,4522.79,3.81,74.17,30150.4
2023-07-18,4554.98,3.8,75.76,29860.85
2023-07-19,4565.72,3.75,75.4,29918.57
2023-07-20,4534.87,3.85,75.65,29807.9
2023-07-21,4536.34,3.84,77.06,29907.14
2023-07-24,4554.64,3.86,78.81,29171.26
2023-07-25,4567.46,3.91,79.76,29221.74
2023-07-26,4566.75,3.86,79.11,29351.49
2023-07-27,4537.41,4.01,80.17,29213.16
2023-07-28,4582.23,3.96,80.55,29311.22
2023-07-31,4588.96,3.97,81.8,29223.31
2023-08-01,4576.73,4.05,81.37,29728.88
2023-08-02,4513.39,4.08,79.5,29155.83
2023-08-03,4501.89,4.2,81.56,29168.14
2023-08-04,4478.03,4.05,82.76,29073.7
2023-08-07,4518.44,4.09,81.94,29179.01
2023-08-08,4499.38,4.02,82.94,29774.42
2023-08-09,4467.71,4.0,84.35,29561.54
2023-08-10,4468.83,4.09,82.81,29418.09
2023-08-11,4464.05,4.16,83.17,29400.05
2023-08-14,4489.72,4.19,82.5,29397.35
2023-08-15,4437.86,4.21,81.06,29165.96
2023-08-16,4404.33,4.28,79.4,28694.33
2023-08-17,4370.36,4.3,80.43,26600.98
2023-08-18,4369.71,4.26,81.25,26043.99
2023-08-21,4399.77,4.34,80.71,26128.18
2023-08-22,4387.55,4.34,80.25,26038.42
2023-08-23,4436.01,4.19,78.91,26429.54
2023-08-24,4376.31,4.23,79.52,26168.12
2023-08-25,4405.71,4.25,80.47,26054.38
2023-08-28,4433.31,4.2,80.65,26102.51
2023-08-29,4497.63,4.12,81.14,27713.68
2023-08-30,4514.87,4.12,81.64,27297.11
2023-08-31,4507.66,4.09,83.55,25922.51
2023-09-01,4515.77,4.18,85.52,25802.02
2023-09-04,,,,25814.79
2023-09-05,4496.83,4.27,86.74,25778.03
2023-09-06,4465.48,4.3,87.55,25748.1
2023-09-07,4451.14,4.27,86.87,26267.36
2023-09-08,4457.49,4.26,87.51,25906.35
2023-09-11,4487.46,4.29,87.3,25161.68
2023-09-12,4461.9,4.27,88.87,25852.36
2023-09-13,4467.44,4.25,88.59,26216.13
2023-09-14,4505.1,4.29,90.13,26531.31
2023-09-15,4450.32,4.33,90.83,26620.02
2023-09-18,4453.53,4.32,91.47,26767.54
2023-09-19,4443.95,4.37,91.16,27199.35
2023-09-20,4402.2,4.35,89.2,27119.41
2023-09-21,4330.0,4.49,89.56,26567.29
2023-09-22,4320.06,4.44,90.0,26582.63
2023-09-25,4337.44,4.55,89.68,26296.86
2023-09-26,4273.53,4.56,91.43,26200.13
2023-09-27,4274.51,4.61,93.67,26351.82
2023-09-28,4299.7,4.59,91.65,27035.82
2023-09-29,4288.05,4.59,90.77,26900.3
2023-10-02,4288.39,4.69,88.81,27517.12
2023-10-03,4229.45,4.81,89.26,27421.92
2023-10-04,4263.75,4.73,84.32,27782.29
2023-10-05,4258.19,4.72,82.3,27419.39
2023-10-06,4308.5,4.78,82.83,27949.12
2023-10-09,4335.66,,,27587.43
2023-10-10,4358.24,4.66,85.89,27391.73
2023-10-11,4376.95,4.58,83.7,26851.85
2023-10-12,4349.61,4.7,82.87,26745.5
2023-10-13,4327.78,4.63,87.67,26859.1
2023-10-16,4373.63,4.71,86.65,28534.29
2023-10-17,4373.2,4.83,86.66,28408.19
2023-10-18,4314.6,4.91,88.35,28309.35
2023-10-19,4278.0,4.98,89.35,28734.51
2023-10-20,4224.16,4.93,89.12,29686.66
2023-10-23,4217.04,4.86,85.49,33106.86
2023-10-24,4247.68,4.83,84.58,33919.92
2023-10-25,4186.77,4.95,86.07,34489.91
2023-10-26,4137.23,4.86,83.8,34140.0
2023-10-27,4117.37,4.84,86.04,33905.16
2023-10-30,4166.82,4.88,83.03,34485.49
2023-10-31,4193.8,4.88,81.64,34667.88
2023-11-01,4237.86,4.77,81.05,35469.43
2023-11-02,4317.78,4.67,83.04,34935.25
2023-11-03,4358.34,4.57,81.19,34735.91
2023-11-06,4365.98,4.67,81.54,35063.96
2023-11-07,4378.38,4.58,77.96,35420.95
2023-11-08,4382.78,4.49,75.85,35581.68
2023-11-09,4347.35,4.62,76.34,36669.3
2023-11-10,4415.24,4.61,,37305.81
2023-11-13,4411.55,4.63,78.86,36470.45
2023-11-14,4495.7,4.44,78.9,35552.8
2023-11-15,4502.88,4.53,77.15,37876.32
2023-11-16,4508.24,4.45,73.5,36150.03
2023-11-17,4514.02,4.44,76.47,36626.6
2023-11-20,4547.38,4.42,78.1,37476.08
2023-11-21,4538.19,4.41,78.35,35734.18
2023-11-22,4556.62,4.42,76.8,37443.86
2023-11-23,,,,37298.0
2023-11-24,4559.34,4.47,74.83,37745.94
2023-11-27,4550.43,4.39,74.46,37244.39
2023-11-28,4554.89,4.34,76.09,37840.46
2023-11-29,4550.58,4.27,77.56,37864.76
2023-11-30,4567.8,4.37,75.66,37743.0
2023-12-01,4594.63,4.22,73.7,38714.0
2023-12-04,4569.78,4.28,72.73,41856.31
2023-12-05,4567.18,4.18,71.95,44060.06
2023-12-06,4549.34,4.12,68.98,43778.51
2023-12-07,4585.59,4.14,69.0,43305.91
2023-12-08,4604.37,4.23,70.87,44223.94
2023-12-11,4622.44,4.23,70.95,41205.53
2023-12-12,4643.7,4.2,68.27,41452.65
2023-12-13,4707.09,4.04,69.09,42927.11
2023-12-14,4719.55,3.92,71.21,43031.34
2023-12-15,4719.19,3.91,71.05,41939.81
2023-12-18,4740.56,3.95,72.16,42638.28
2023-12-19,4768.37,3.93,73.23,42252.2
2023-12-20,4698.35,3.86,73.87,43647.01
2023-12-21,4746.75,3.89,73.59,43876.98
2023-12-22,4754.63,3.9,73.29,44015.6
2023-12-25,,,,43603.68
2023-12-26,4774.75,3.89,75.84,42520.26
2023-12-27,4781.58,3.79,74.31,43444.45
2023-12-28,4783.35,3.84,72.02,42613.04
2023-12-29,4769.83,3.88,71.89,42056.3
2024-01-01,,,,44229.57
2024-01-02,4742.83,3.95,70.62,45030.04
2024-01-03,4704.81,3.91,72.97,42836.3
2024-01-04,4688.68,3.99,72.38,44230.11
2024-01-05,4697.24,4.05,74.0,44174.5
2024-01-08,4763.54,4.01,71.06,47000.31
2024-01-09,4756.5,4.02,72.43,46103.0
2024-01-10,4783.45,4.04,71.57,46590.34
2024-01-11,4780.24,3.98,72.15,46324.98
2024-01-12,4783.83,3.96,72.94,42797.41
2024-01-15,,,,42500.0
2024-01-16,4765.98,4.07,72.63,43152.59
2024-01-17,4739.21,4.1,72.79,42705.07
2024-01-18,4780.94,4.14,74.32,41234.95
2024-01-19,4839.81,4.15,73.69,41633.68
2024-01-22,4850.43,4.11,75.26,39547.64
2024-01-23,4864.6,4.14,74.72,39866.78
2024-01-24,4868.55,4.18,75.48,40051.8
2024-01-25,4894.16,4.14,77.91,39944.5
2024-01-26,4890.97,4.15,78.45,41792.29
2024-01-29,4927.93,4.08,77.25,43272.35
2024-01-30,4924.97,4.06,78.3,42985.96
2024-01-31,4845.65,3.99,76.28,42599.49
2024-02-01,4906.19,3.87,74.36,43090.14
2024-02-02,4958.61,4.03,72.72,43187.41
2024-02-05,4942.81,4.17,73.21,42654.6
2024-02-06,4954.23,4.09,73.83,43093.37
2024-02-07,4995.06,4.09,74.26,44393.14
2024-02-08,4997.91,4.15,76.67,45345.8
2024-02-09,5026.61,4.17,77.26,47154.45
2024-02-12,5021.84,4.17,77.34,49961.0
2024-02-13,4953.17,4.31,78.28,49691.47
2024-02-14,5000.62,4.27,77.09,51833.46
2024-02-15,5029.73,4.24,78.47,51935.86
2024-02-16,5005.57,4.3,79.65,52181.12
2024-02-19,,,,51766.22
2024-02-20,4975.51,4.27,78.72,52284.38
2024-02-21,4981.8,4.32,78.89,51833.99
2024-02-22,5087.03,4.33,79.64,51262.51
2024-02-23,5088.8,4.26,77.6,50751.19
2024-02-26,5069.53,4.28,78.53,54559.0
2024-02-27,5078.18,4.31,79.8,57064.29
2024-02-28,5069.76,4.27,79.44,62479.39
2024-02-29,5096.27,4.25,79.22,61240.13
2024-03-01,5137.08,4.19,80.9,62468.47
2024-03-04,5130.95,4.22,79.67,68277.61
2024-03-05,5078.65,4.13,79.11,63893.71
2024-03-06,5104.76,4.11,80.08,66092.71
2024-03-07,5157.36,4.09,79.81,66914.79
2024-03-08,5123.69,4.09,78.96,68313.7
2024-03-11,5117.94,4.1,78.87,72202.19
2024-03-12,5175.27,4.16,78.51,71471.62
2024-03-13,5165.31,4.19,80.67,73098.48
2024-03-14,5150.48,4.29,82.16,71456.55
2024-03-15,5117.09,4.31,81.94,69492.42
2024-03-18,5149.42,4.34,83.68,67566.95
2024-03-19,5178.51,4.3,84.39,61977.96
2024-03-20,5224.62,4.27,82.79,67862.33
2024-03-21,5241.53,4.27,81.99,65505.11
2024-03-22,5234.18,4.22,81.1,63712.44
2024-03-25,5218.19,4.25,82.41,69914.45
2024-03-26,5203.58,4.24,82.41,69976.26
2024-03-27,5248.49,4.2,82.15,69372.26
2024-03-28,5254.35,4.2,83.96,70770.78
2024-03-29,,,,69933.54
2024-04-01,5243.77,4.33,84.54,69702.13
2024-04-02,5205.81,4.36,85.95,65478.7
2024-04-03,5211.49,4.36,86.22,65982.23
2024-04-04,5147.21,4.31,87.37,68415.92
2024-04-05,5204.34,4.39,87.69,67878.68
2024-04-08,5202.39,4.42,87.24,71607.88
2024-04-09,5209.91,4.36,86.04,69100.81
2024-04-10,5160.64,4.55,86.98,70554.77
2024-04-11,5199.06,4.56,85.79,70001.36
2024-04-12,5123.41,4.5,86.46,67107.27
2024-04-15,5061.82,4.63,86.21,63359.28
2024-04-16,5051.41,4.67,86.15,63840.0
2024-04-17,5022.21,4.59,83.58,61267.8
2024-04-18,5011.12,4.64,83.5,63447.36
2024-04-19,4967.23,4.62,83.79,63836.5
2024-04-22,5010.6,4.62,83.82,66828.83
2024-04-23,5070.55,4.61,84.17,66472.3
2024-04-24,5071.63,4.65,84.09,64198.5
2024-04-25,5048.42,4.7,84.92,64510.14
2024-04-26,5099.96,4.67,85.38,63747.32
2024-04-29,5116.17,4.63,84.26,63804.4
2024-04-30,5035.69,4.69,83.49,60690.8
2024-05-01,5018.39,4.63,80.7,58278.09
2024-05-02,5064.2,4.58,80.59,59071.21
2024-05-03,5127.79,4.5,79.65,62855.86
2024-05-06,5180.74,4.49,80.1,63145.67
2024-05-07,5187.7,4.47,79.97,62344.02
2024-05-08,5187.67,4.48,80.57,61156.89
2024-05-09,5214.08,4.45,80.86,63088.62
2024-05-10,5222.68,4.5,79.81,60801.1
2024-05-13,5221.42,4.48,80.71,62909.03
2024-05-14,5246.68,4.45,79.62,61558.14
2024-05-15,5308.15,4.36,80.23,66293.39
2024-05-16,5297.1,4.38,80.85,65282.62
2024-05-17,5303.27,4.42,81.66,66941.22
2024-05-20,5308.13,4.44,81.39,71466.21
2024-05-21,5321.41,4.41,80.66,70191.19
2024-05-22,5307.01,4.43,79.15,69145.91
2024-05-23,5267.84,4.47,77.47,67903.82
2024-05-24,5304.72,4.46,78.48,68567.61
2024-05-27,,,,69363.83
2024-05-28,5306.04,4.54,80.9,68350.32
2024-05-29,5266.95,4.61,80.24,67573.57
2024-05-30,5235.48,4.55,78.96,68356.11
2024-05-31,5277.51,4.51,77.97,67506.03
2024-06-03,5283.4,4.41,75.26,68794.57
2024-06-04,5291.34,4.33,74.27,70596.56
2024-06-05,5354.03,4.29,75.08,71164.39
2024-06-06,5352.96,4.28,76.52,70770.7
2024-06-07,5346.99,4.43,76.53,69283.58
2024-06-10,5360.79,4.47,78.75,69490.62
2024-06-11,5375.32,4.39,78.88,67316.44
2024-06-12,5421.03,4.31,79.56,68270.98
2024-06-13,5433.74,4.24,79.61,66764.3
2024-06-14,5431.6,4.2,79.41,66022.42
2024-06-17,5473.23,4.28,81.33,66517.55
2024-06-18,5487.03,4.22,82.67,65126.6
2024-06-19,,,,64903.53
2024-06-20,5473.17,4.25,83.34,64842.53
2024-06-21,5464.62,4.25,81.71,64136.38
2024-06-24,5447.87,4.25,82.63,60236.01
2024-06-25,5469.3,4.23,81.97,61820.98
2024-06-26,5477.9,4.32,82.19,60794.33
2024-06-27,5482.87,4.29,83.04,61622.64
2024-06-28,5460.48,4.36,82.83,60322.28
2024-07-01,5475.09,4.48,84.7,62870.34
2024-07-02,5509.01,4.43,84.09,62056.54
2024-07-03,5537.02,4.36,85.19,60187.34
2024-07-04,,,,57171.19
2024-07-05,5567.19,4.28,84.44,56624.69
2024-07-08,5572.85,4.28,83.63,56684.73
2024-07-09,5576.98,4.3,82.78,57995.57
2024-07-10,5633.91,4.28,83.39,57653.32
2024-07-11,5584.54,4.2,83.92,57384.82
2024-07-12,5615.35,4.18,83.49,57910.59
2024-07-15,5631.22,4.23,83.22,64772.57
2024-07-16,5667.2,4.17,81.92,65045.81
2024-07-17,5588.27,4.16,84.16,64157.33
2024-07-18,5544.59,4.2,84.17,63999.59
2024-07-19,5505.0,4.25,81.43,66771.26
2024-07-22,5564.41,4.26,81.25,67585.54
2024-07-23,5555.74,4.25,78.24,65923.74
2024-07-24,5427.13,4.28,78.78,65430.69
2024-07-25,5399.22,4.27,79.43,65816.21
2024-07-26,5459.1,4.2,78.58,67929.7
2024-07-29,5463.54,4.17,77.27,66827.89
2024-07-30,5436.44,4.15,76.17,66200.81
2024-07-31,5522.3,4.09,79.36,64607.71
2024-08-01,5446.68,3.99,77.74,65342.4
2024-08-02,5346.56,3.8,74.99,61466.66
2024-08-05,5186.33,3.78,74.46,54025.9
2024-08-06,5240.03,3.9,74.6,56096.88
2024-08-07,5199.5,3.96,76.68,55100.98
2024-08-08,5319.31,3.99,77.64,61644.69
2024-08-09,5344.16,3.94,78.28,60818.65
2024-08-12,5344.39,3.9,81.45,59337.91
2024-08-13,5434.43,3.85,79.81,60596.01
2024-08-14,5455.21,3.83,78.47,58779.3
2024-08-15,5543.22,3.92,79.66,57502.3
2024-08-16,5554.25,3.89,78.05,58879.72
2024-08-19,5608.25,3.86,75.82,59469.51
2024-08-20,5597.12,3.82,75.27,59062.49
2024-08-21,5620.85,3.79,72.76,61193.87
2024-08-22,5570.64,3.86,73.72,60378.7
2024-08-23,5634.61,3.81,75.82,64130.87
2024-08-26,5616.84,3.82,78.4,62838.55
2024-08-27,5625.8,3.83,76.5,59398.77
2024-08-28,5592.18,3.84,75.49,59024.0
2024-08-29,5591.96,3.87,76.9,59371.27
2024-08-30,5648.4,3.91,74.52,59113.86
2024-09-02,,,,59140.6
2024-09-03,5528.93,3.84,71.28,57474.64
2024-09-04,5520.07,3.77,70.11,57994.01
2024-09-05,5503.41,3.73,70.09,56152.01
2024-09-06,5408.42,3.72,68.58,53930.39
2024-09-09,5471.05,3.7,69.65,57645.59
2024-09-10,5495.52,3.65,66.73,57352.79
2024-09-11,5554.13,3.65,68.25,58137.54
2024-09-12,5595.76,3.68,69.89,60543.35
2024-09-13,5626.02,3.66,69.59,60012.35
2024-09-16,5633.09,3.63,71.1,60312.6
2024-09-17,5634.58,3.65,72.16,61769.18
2024-09-18,5618.26,3.7,71.87,62960.14
2024-09-19,5713.64,3.73,72.86,63210.69
2024-09-20,5702.55,3.73,72.72,63362.74
2024-09-23,5718.57,3.75,71.33,64272.93
2024-09-24,5732.93,3.74,72.34,63130.89
2024-09-25,5722.26,3.79,70.42,65177.21
2024-09-26,5745.37,3.79,68.28,65789.0
2024-09-27,5738.17,3.75,68.72,65858.99
2024-09-30,5762.48,3.81,68.75,60790.0
2024-10-01,5708.75,3.74,70.41,60631.37
2024-10-02,5709.54,3.79,70.74,60744.99
2024-10-03,5699.94,3.85,74.33,62090.71
2024-10-04,5751.07,3.98,74.93,62051.29
2024-10-07,5695.94,4.03,77.76,62122.02
2024-10-08,5751.13,4.04,74.26,60578.28
2024-10-09,5792.04,4.06,73.85,60279.53
2024-10-10,5780.05,4.09,76.46,62518.75
2024-10-11,5815.03,4.08,76.11,63187.47
2024-10-14,5859.85,,,67056.6
2024-10-15,5815.26,4.03,71.22,67608.44
2024-10-16,5842.47,4.02,70.97,67402.33
2024-10-17,5841.47,4.09,71.26,68426.11
2024-10-18,5864.67,4.08,69.78,68363.73
2024-10-21,5853.98,4.19,71.16,67380.08
2024-10-22,5851.2,4.2,72.84,66601.11
2024-10-23,5797.42,4.24,71.37,68156.84
2024-10-24,5809.86,4.21,70.58,66564.51
2024-10-25,5808.12,4.25,72.02,67012.56
2024-10-28,5823.52,4.28,67.65,72724.35
2024-10-29,5832.92,4.28,67.48,72322.91
2024-10-30,5813.67,4.29,68.91,70197.83
2024-10-31,5705.45,4.28,69.58,69467.29
2024-11-01,5728.8,4.37,69.81,69358.94
2024-11-04,5712.69,4.31,71.83,69380.73
2024-11-05,5782.76,4.26,72.26,75646.55
2024-11-06,5929.04,4.42,71.98,75920.0
2024-11-07,5973.1,4.31,72.69,76566.73
2024-11-08,5995.54,4.3,70.69,76716.06
2024-11-11,6001.35,,,88035.43
2024-11-12,5983.99,4.43,68.43,90493.82
2024-11-13,5985.38,4.44,68.76,87340.4
2024-11-14,5949.17,4.43,68.99,91058.36
2024-11-15,5870.62,4.43,67.33,90636.24
2024-11-18,5893.62,4.42,69.46,92435.89
2024-11-19,5916.98,4.39,69.75,94393.15
2024-11-20,5917.11,4.41,69.25,98439.09
2024-11-21,5948.71,4.43,70.39,99024.03
2024-11-22,5969.34,4.41,71.68,97778.77
2024-11-25,5987.37,4.27,69.41,91929.54
2024-11-26,6021.63,4.3,69.05,95951.19
2024-11-27,5998.74,4.25,69.03,95665.53
2024-11-28,,,,97490.56
2024-11-29,6032.38,4.18,68.26,96465.42
2024-12-02,6047.15,4.19,68.35,95924.52
2024-12-03,6049.88,4.23,70.15,98746.24
2024-12-04,6086.49,4.19,68.81,97044.23
2024-12-05,6075.11,4.17,68.58,99891.35
2024-12-06,6090.27,4.15,68.58,99929.32
2024-12-09,6052.85,4.2,68.65,96660.76
2024-12-10,6034.91,4.22,68.85,101202.11
2024-12-11,6084.19,4.26,70.57,100030.47
2024-12-12,6051.25,4.32,70.25,101428.75
2024-12-13,6051.09,4.4,71.54,101399.99
2024-12-16,6074.08,4.39,71.03,106136.99
2024-12-17,6050.61,4.4,70.31,100150.73
2024-12-18,5872.16,4.5,70.8,97372.21
2024-12-19,5867.08,4.57,70.1,97765.0
2024-12-20,5930.85,4.52,69.71,97230.08
2024-12-23,5974.07,4.59,69.5,98594.47
2024-12-24,6040.04,4.59,70.87,99346.28
2024-12-25,,,,95669.49
2024-12-26,6037.59,4.58,70.38,94171.89
2024-12-27,5970.84,4.62,71.28,95130.82
2024-12-30,5906.94,4.55,71.73,93354.22
2024-12-31,5881.63,4.58,72.44,94383.59
2025-01-01,,,,96903.19
2025-01-02,5868.55,4.57,73.79,98136.51
2025-01-03,5942.47,4.6,74.64,98209.85
2025-01-06,5975.38,4.62,74.31,96941.98
2025-01-07,5909.03,4.67,74.99,95036.63
2025-01-08,5918.25,4.67,73.99,92547.44
2025-01-09,,4.68,,94701.18
2025-01-10,5827.04,4.77,77.27,94565.02
2025-01-13,5836.22,4.79,79.57,96534.96
2025-01-14,5842.91,4.78,78.2,100510.23
2025-01-15,5949.91,4.66,80.73,99981.78
2025-01-16,5937.34,4.61,79.35,104107.0
2025-01-17,5996.66,4.61,78.56,104435.0
2025-01-20,,,,106159.26
2025-01-21,6049.24,4.57,76.79,103667.11
2025-01-22,6086.37,4.6,76.12,103926.36
2025-01-23,6118.71,4.65,75.03,104850.27
2025-01-24,6101.24,4.63,74.97,104733.56
2025-01-27,6012.28,4.53,73.51,101290.0
2025-01-28,6067.7,4.55,74.15,103747.25
2025-01-29,6039.31,4.55,72.94,104742.64
2025-01-30,6071.17,4.52,73.1,102411.26
2025-01-31,6040.53,4.58,72.84,100623.85
2025-02-03,5994.57,4.54,73.52,97795.05
2025-02-04,6037.88,4.52,73.04,96638.33
2025-02-05,6061.48,4.43,71.39,96564.62
2025-02-06,6083.57,4.45,70.97,96537.08
2025-02-07,6025.99,4.49,71.32,96476.25
2025-02-10,6066.44,4.51,72.73,95774.08
2025-02-11,6068.5,4.54,73.67,97862.53
2025-02-12,6051.97,4.62,71.72,96625.29
2025-02-13,6115.07,4.52,71.66,97509.03
2025-02-14,6114.63,4.47,71.05,97596.94
2025-02-17,,,,95607.4
2025-02-18,6129.58,4.55,72.21,96632.03
2025-02-19,6144.15,4.53,72.58,98347.2
2025-02-20,6117.52,4.5,72.88,96157.03
2025-02-21,6013.13,4.42,70.72,96582.12
2025-02-24,5983.25,4.4,71.06,88583.74
2025-02-25,5955.25,4.3,69.15,84111.78
2025-02-26,5956.06,4.25,68.87,84625.19
2025-02-27,5861.57,4.29,70.62,84297.73
2025-02-28,5954.5,4.24,69.97,86018.76
2025-03-03,5849.72,4.16,68.63,87249.96
2025-03-04,5778.15,4.22,68.47,90603.73
2025-03-05,5842.63,4.28,66.58,89921.85
2025-03-06,5738.52,4.29,66.62,86756.98
2025-03-07,5770.2,4.32,67.29,86206.69
2025-03-10,5614.56,4.22,66.31,82914.51
2025-03-11,5572.07,4.28,66.52,83659.43
2025-03-12,5599.3,4.32,67.65,81073.43
2025-03-13,5521.52,4.27,66.82,83980.49
2025-03-14,5638.94,4.31,67.43,84351.46
2025-03-17,5675.12,4.31,67.84,82698.76
2025-03-18,5614.66,4.29,67.49,86877.96
2025-03-19,5675.29,4.25,67.4,84183.42
2025-03-20,5662.89,4.24,68.55,84061.96
2025-03-21,5667.56,4.25,68.52,83852.03
2025-03-24,5767.57,4.34,69.46,87427.88
2025-03-25,5776.65,4.31,69.48,86926.01
2025-03-26,5712.2,4.35,70.05,87217.48
2025-03-27,5693.31,4.38,70.3,84381.8
2025-03-28,5580.94,4.27,69.74,82616.83
2025-03-31,5611.85,4.23,71.87,85170.37
2025-04-01,5633.07,4.17,71.61,82490.08
2025-04-02,5670.97,4.2,72.12,83174.33
2025-04-03,5396.52,4.06,67.43,83860.16
2025-04-04,5074.08,4.01,62.42,83498.25
2025-04-07,5062.25,4.15,61.05,76251.64
2025-04-08,4982.77,4.26,60.04,82594.75
2025-04-09,5456.9,4.34,62.63,79552.34
2025-04-10,5268.05,4.4,60.57,83380.47
2025-04-11,5363.36,4.48,61.91,85271.01
2025-04-14,5405.97,4.38,61.99,83629.78
2025-04-15,5396.63,4.35,61.74,84028.72
2025-04-16,5275.7,4.29,62.88,84961.97
2025-04-17,5282.7,4.34,65.07,84466.47
2025-04-18,,,,85074.99
2025-04-21,5158.2,4.42,63.48,93489.1
2025-04-22,5287.76,4.41,64.6,93740.92
2025-04-23,5375.86,4.4,62.64,94021.96
2025-04-24,5484.77,4.32,63.55,94708.79
2025-04-25,5525.21,4.29,63.85,94666.64
2025-04-28,5528.75,4.23,63.3,94271.09
2025-04-29,5560.83,4.19,61.84,94182.54
2025-04-30,5569.06,4.17,59.55,96524.98
2025-05-01,5604.14,4.25,60.59,96929.81
2025-05-02,5686.67,4.33,59.67,95861.33
2025-05-05,5650.38,4.36,58.5,96839.17
2025-05-06,5606.91,4.3,,96809.95
